0.140,0.095,1.601,-22.217,70.313,22.034
-0.212,-0.084,0.868,2.136,-64.087,30.457
-0.016,-0.174,1.116,-18.127,-36.560,12.817
-0.096,-0.143,1.067,-23.376,-58.472,26.978
-0.128,-0.096,1.071,-29.541,-51.758,6.470
-0.191,0.342,0.699,-30.396,-37.659,-15.015
-0.173,0.098,1.006,-37.781,-4.089,-18.738
-0.226,-0.089,0.997,-45.288,19.226,-21.545
-0.218,-0.095,0.925,-56.030,24.597,-26.001
-0.294,-0.045,0.958,-49.500,33.813,-21.484
-0.264,-0.092,0.922,-35.461,37.415,-20.325
-0.248,-0.081,0.994,-15.686,45.349,-20.630
-0.231,-0.016,1.016,-4.333,47.241,-18.677
-0.222,-0.058,0.990,-3.784,44.434,-13.245
-0.199,-0.077,0.965,-2.625,47.668,-1.709
-0.229,-0.106,0.969,-2.075,51.819,11.230
-0.262,-0.140,0.969,-2.441,54.321,23.132
-0.197,-0.159,0.919,-0.244,57.434,34.363
-0.134,-0.112,0.847,5.920,57.556,44.128
-0.117,-0.085,0.842,15.686,46.143,53.223
-0.052,-0.067,0.874,22.583,29.968,66.956
0.020,0.110,0.844,29.541,14.343,81.360
0.005,0.000,0.986,41.077,-3.235,94.055
-0.037,-0.066,1.013,53.223,-13.611,106.384
-0.072,0.048,0.995,61.157,-19.348,114.380
-0.036,0.128,0.993,60.059,-26.550,109.802
-0.037,0.079,0.943,56.580,-29.114,96.436
-0.073,0.116,0.880,49.683,-30.212,82.092
-0.074,0.051,0.900,45.654,-23.926,65.125
-0.127,0.034,0.947,45.593,-10.132,51.453
-0.228,-0.485,0.999,46.509,2.808,38.513
-0.130,0.014,1.003,39.001,14.465,39.307
-0.013,0.091,1.046,41.016,12.512,20.935
0.140,-0.057,0.955,42.419,-7.690,-11.230
0.028,-0.155,0.927,44.922,-39.612,-20.874
-0.090,-0.223,0.886,48.584,-68.970,-18.250
-0.095,-0.072,0.859,48.401,-83.984,-18.005
-0.109,-0.029,0.856,50.598,-91.248,-21.851
-0.157,-0.078,0.975,57.617,-99.182,-25.635
-0.160,-0.387,1.043,54.932,-96.802,-28.198
-0.219,-0.338,1.137,37.354,-82.275,-17.212
-0.228,-0.354,1.244,14.465,-65.002,-0.122
-0.089,-0.337,1.118,-17.883,-38.147,13.672
-0.094,-0.305,1.047,-43.213,-32.898,28.992
-0.176,-0.248,0.963,-53.040,-41.931,44.800
-0.253,-0.241,0.888,-50.598,-50.903,56.458
-0.315,-0.239,0.822,-42.175,-56.702,59.204
-0.300,-0.255,0.755,-30.029,-63.171,57.922
-0.380,-0.428,0.677,-14.954,-72.510,55.054
-0.468,-0.634,0.667,-2.625,-76.965,52.307
-0.609,-0.516,0.767,-1.221,-65.186,50.232
-0.618,-0.352,0.938,-5.005,-43.457,44.495
-0.480,-0.389,0.973,-8.728,-23.132,33.203
-0.417,-0.450,0.980,-13.611,-9.277,27.283
-0.382,-0.450,0.912,-26.611,0.732,27.954
-0.396,-0.454,0.872,-41.138,4.944,33.691
-0.521,-0.408,0.856,-52.612,10.010,45.471
-0.503,-0.308,0.875,-59.814,22.461,58.533
-0.473,-0.239,0.933,-58.289,38.452,63.599
-0.383,-0.163,0.992,-52.185,52.246,63.538
-0.256,-0.104,1.079,-45.288,57.678,61.707
-0.186,-0.044,1.103,-40.100,56.458,65.002
-0.178,0.034,1.115,-32.898,48.279,69.214
-0.194,0.079,1.047,-24.780,34.851,68.909
-0.200,0.183,1.095,-24.231,21.790,62.073
-0.108,0.296,1.166,-29.419,11.841,49.805
0.015,0.378,1.165,-32.043,0.732,33.630
0.104,0.491,1.237,-40.466,-10.864,16.479
0.193,0.662,1.205,-46.082,-25.879,-1.038
0.281,0.823,1.181,-42.908,-41.992,-15.808
0.325,0.911,1.204,-37.415,-53.345,-23.437
0.353,0.961,1.188,-33.447,-62.683,-21.301
0.348,0.984,1.164,-34.241,-70.557,-8.423
0.272,0.976,1.060,-37.476,-73.059,11.963
0.200,0.879,1.107,-46.326,-63.293,38.696
0.152,0.690,1.068,-52.124,-48.645,65.002
0.068,0.518,1.018,-56.641,-38.208,86.243
-0.004,0.383,0.985,-61.890,-29.480,103.699
-0.073,0.246,0.935,-60.791,-24.048,117.920
-0.143,0.154,0.927,-59.631,-18.127,125.366
-0.200,0.065,0.880,-56.091,-12.268,126.404
-0.227,0.006,0.942,-56.763,-3.479,122.742
-0.285,-0.115,0.978,-51.392,0.977,119.873
-0.392,-0.297,0.945,-43.518,-0.916,117.920
-0.485,-0.498,0.948,-41.504,-0.366,115.845
-0.570,-0.604,0.920,-50.110,-2.197,107.422
-0.587,-0.671,0.929,-57.800,-6.042,97.473
-0.625,-0.779,0.853,-60.181,-12.390,91.187
-0.646,-0.840,0.822,-62.805,-7.019,86.060
-0.700,-0.905,0.844,-68.726,4.211,77.332
-0.752,-0.955,0.851,-72.937,14.282,66.467
-0.808,-0.989,0.805,-71.472,21.179,55.725
-0.827,-1.026,0.736,-64.819,25.513,43.579
-0.818,-1.058,0.693,-57.434,31.677,30.090
-0.839,-1.066,0.678,-57.190,46.692,17.578
-0.801,-1.047,0.691,-66.345,68.481,1.770
-0.680,-0.987,0.720,-76.294,90.454,-16.113
-0.570,-0.865,0.728,-79.285,104.675,-31.006
-0.460,-0.735,0.728,-76.416,109.619,-41.626
-0.363,-0.616,0.753,-68.848,107.544,-52.246
-0.306,-0.495,0.814,-53.467,98.389,-61.707
-0.248,-0.372,0.884,-33.203,86.792,-71.533
-0.187,-0.264,0.938,-14.893,73.425,-82.092
-0.123,-0.164,0.956,-0.061,57.190,-92.163
-0.048,-0.076,0.961,10.681,41.138,-100.098
0.024,0.012,0.921,17.151,26.367,-105.835
0.051,0.100,0.897,20.996,16.541,-109.009
0.057,0.223,0.879,24.475,12.695,-110.107
0.057,0.369,0.876,28.748,12.817,-110.474
0.030,0.486,0.893,37.048,14.709,-110.046
0.020,0.562,0.931,47.424,18.433,-110.229
0.050,0.608,0.992,53.223,25.452,-112.488
0.111,0.651,1.051,49.438,34.668,-114.502
0.195,0.709,1.097,37.720,45.349,-112.549
0.271,0.786,1.107,22.034,54.688,-105.591
0.331,0.885,1.089,7.263,59.998,-95.093
0.361,0.975,1.068,-2.808,61.035,-83.191
0.393,1.055,1.041,-7.202,60.486,-71.594
0.452,1.170,1.028,-7.080,58.167,-63.416

0.625,1.327,1.035,4.639,42.603,-65.491
0.757,1.396,1.072,14.343,28.320,-63.232
0.796,1.430,1.057,23.560,9.766,-45.532
0.815,1.411,1.031,28.137,-8.606,-18.982
0.781,1.349,0.991,27.649,-19.653,11.719
0.711,1.232,0.944,23.193,-22.095,47.913
0.632,1.083,0.922,16.602,-15.320,88.379
0.551,0.896,0.925,9.155,-1.099,129.150
0.473,0.688,0.940,3.052,17.822,168.579
0.366,0.444,0.974,-3.235,34.668,204.895
0.252,0.130,1.032,-10.437,44.373,233.643
0.149,-0.190,1.057,-20.508,50.964,248.779
0.030,-0.433,1.073,-34.180,56.946,250.061
-0.047,-0.594,1.073,-46.326,60.974,239.868
-0.133,-0.661,1.054,-50.232,61.279,216.797
-0.157,-0.730,1.073,-39.978,54.626,183.960
-0.200,-0.859,1.121,-20.447,42.603,150.208
-0.268,-1.000,1.163,-4.150,28.259,121.399
-0.334,-1.103,1.192,1.465,15.381,99.060
-0.386,-1.163,1.189,-0.854,5.493,83.496
-0.435,-1.208,1.166,-7.629,0.549,71.350
-0.510,-1.233,1.119,-19.104,0.061,60.913
-0.577,-1.212,1.022,-31.006,1.038,49.744
-0.606,-1.186,0.939,-37.170,2.014,33.630
-0.577,-1.158,0.834,-35.950,4.578,11.414
-0.545,-1.119,0.772,-28.320,6.592,-13.672
-0.473,-0.969,0.742,-16.113,2.930,-36.987
-0.437,-0.841,0.698,-2.747,-5.066,-59.387
-0.361,-0.753,0.700,12.451,-14.404,-81.726
-0.301,-0.624,0.699,25.391,-20.264,-100.464
-0.229,-0.531,0.727,33.936,-23.682,-115.662
-0.184,-0.491,0.724,37.170,-24.597,-125.122
-0.145,-0.421,0.701,35.645,-21.606,-129.150
-0.169,-0.335,0.713,34.180,-16.846,-130.798
-0.155,-0.160,0.737,32.349,-5.798,-129.395
-0.092,0.014,0.800,31.921,9.460,-129.761
0.014,0.157,0.886,34.973,22.522,-134.521
0.160,0.291,0.976,39.368,27.039,-140.625
0.292,0.369,1.055,43.030,26.245,-146.118
0.385,0.396,1.100,44.800,23.743,-147.278
0.402,0.424,1.124,43.701,20.813,-140.930
0.436,0.519,1.163,40.894,18.372,-126.160
0.419,0.642,1.217,36.804,16.174,-109.497
0.440,0.776,1.267,30.701,14.282,-95.154
0.460,0.903,1.300,23.315,13.977,-83.862
0.524,1.005,1.304,16.174,15.381,-76.111
0.615,1.070,1.301,11.841,14.771,-70.557
0.696,1.141,1.290,9.827,10.193,-64.758
0.772,1.200,1.264,8.240,2.869,-56.763
0.905,1.118,1.303,7.935,-5.127,-44.617
0.821,1.229,1.178,9.827,-20.081,-32.532
0.818,1.193,1.196,12.146,-30.762,-14.160
0.796,1.147,1.194,11.353,-42.175,13.184
0.717,1.070,1.157,6.897,-55.298,43.274
0.626,0.964,1.148,0.549,-60.364,74.585
0.544,0.850,1.101,-7.629,-55.786,106.812
0.488,0.747,1.034,-15.991,-46.143,135.681
0.446,0.627,0.968,-21.423,-36.194,160.156
0.398,0.491,0.916,-20.569,-28.442,179.565
0.330,0.331,0.899,-15.259,-21.423,194.580
0.251,0.139,0.907,-9.705,-13.977,205.566
0.177,-0.066,0.901,-7.507,-5.859,213.562
0.095,-0.263,0.904,-11.536,0.305,216.003
0.029,-0.395,0.923,-20.325,4.639,212.952
-0.025,-0.474,0.950,-27.771,5.432,206.543
-0.074,-0.556,0.953,-30.457,3.845,196.899
-0.127,-0.669,0.953,-28.442,0.671,184.326
-0.176,-0.819,0.957,-23.926,-2.625,169.678
-0.234,-0.961,0.965,-20.447,-4.639,154.419
-0.297,-1.058,0.974,-20.569,-3.113,138.367
-0.352,-1.137,0.985,-21.423,-0.427,119.934
-0.394,-1.181,0.989,-22.156,2.197,99.426
-0.425,-1.206,0.978,-22.949,3.296,78.491
-0.448,-1.217,0.966,-22.400,1.648,58.533
-0.480,-1.207,0.943,-22.034,-0.854,38.513
-0.491,-1.195,0.894,-22.400,-2.502,18.372
-0.467,-1.157,0.830,-25.391,-2.319,-1.526
-0.451,-1.077,0.775,-29.236,-2.197,-20.630
-0.417,-0.992,0.723,-29.846,-3.784,-40.222
-0.372,-0.892,0.670,-27.527,-5.310,-59.631
-0.339,-0.770,0.627,-21.545,-6.836,-78.735
-0.308,-0.655,0.611,-11.780,-7.080,-96.802
-0.242,-0.539,0.637,-0.427,-3.540,-114.197
-0.162,-0.429,0.694,10.742,1.587,-129.150
-0.096,-0.328,0.761,20.020,6.165,-140.259
-0.030,-0.224,0.829,24.353,10.376,-147.705
-0.002,-0.068,0.902,23.499,15.686,-151.367
-0.006,0.132,0.979,19.043,20.813,-151.733
0.021,0.327,1.054,13.062,27.039,-151.489
0.092,0.497,1.129,8.972,32.410,-151.123
0.182,0.646,1.196,9.460,34.912,-149.719
0.293,0.777,1.247,12.634,33.630,-148.499
0.417,0.888,1.275,16.113,28.625,-147.705
0.537,1.006,1.297,18.616,20.569,-144.958
0.631,1.119,1.307,21.057,9.949,-138.611
0.677,1.211,1.311,24.170,-1.343,-128.357
0.706,1.270,1.304,24.536,-10.864,-114.014
0.728,1.302,1.290,20.569,-17.090,-94.849
0.747,1.318,1.267,14.099,-21.606,-71.167
0.740,1.323,1.229,7.751,-25.635,-43.152
0.722,1.308,1.170,2.869,-28.931,-13.000
0.693,1.268,1.095,-0.671,-32.898,17.578
0.642,1.199,1.010,-0.488,-37.231,48.035
0.698,0.912,1.011,2.014,-40.466,76.843
0.469,0.885,0.840,3.845,-51.270,95.398
0.390,0.766,0.866,4.517,-55.725,114.014
0.355,0.615,0.860,4.089,-54.993,137.939
0.249,0.465,0.816,4.150,-51.453,158.020
0.177,0.280,0.807,4.089,-43.579,170.532
0.108,0.119,0.775,2.502,-32.898,177.856
0.022,-0.028,0.745,-0.977,-20.935,179.687
-0.029,-0.134,0.744,-7.385,-8.362,176.331
-0.049,-0.217,0.771,-12.390,4.456,169.800
-0.044,-0.312,0.834,-12.329,16.785,162.354
-0.044,-0.438,0.926,-9.216,25.818,154.846
-0.080,-0.593,1.004,-5.981,29.663,148.193
-0.152,-0.769,1.073,-5.859,29.907,141.235
-0.235,-0.941,1.107,-9.644,29.114,133.667
-0.327,-1.090,1.125,-17.090,29.968,125.183

-0.459,-1.300,1.083,-34.302,33.752,98.083
-0.512,-1.328,1.051,-38.574,32.104,74.402
-0.542,-1.311,1.022,-38.452,27.161,46.326
-0.565,-1.260,0.991,-33.691,19.165,17.029
-0.557,-1.204,0.941,-25.879,9.644,-11.292
-0.526,-1.149,0.872,-18.188,0.122,-37.231
-0.512,-1.068,0.802,-12.451,-8.850,-58.228
-0.481,-0.956,0.741,-10.620,-15.015,-75.439
-0.425,-0.833,0.678,-9.583,-18.677,-90.759
-0.390,-0.691,0.642,-5.493,-21.729,-105.591
-0.338,-0.590,0.626,1.526,-23.193,-118.164
-0.264,-0.472,0.646,8.972,-21.851,-132.263
-0.189,-0.336,0.674,16.235,-19.104,-145.996
-0.119,-0.196,0.750,24.292,-16.235,-157.410
-0.044,-0.064,0.837,33.325,-14.954,-166.626
-0.022,0.115,0.915,41.626,-17.273,-172.607
-0.052,0.329,0.994,49.011,-20.813,-176.270
-0.029,0.492,1.073,56.580,-23.132,-181.702
0.065,0.596,1.155,66.772,-26.062,-188.660
0.196,0.666,1.218,76.538,-27.771,-193.909
0.355,0.735,1.292,81.970,-25.452,-196.655
0.504,0.818,1.401,83.618,-20.996,-195.007
0.642,0.918,1.483,78.613,-14.526,-184.937
0.717,1.053,1.539,66.650,-9.521,-165.161
0.732,1.190,1.542,54.749,-12.756,-137.146
0.718,1.244,1.521,47.852,-21.667,-105.225
0.690,1.238,1.474,42.847,-30.701,-72.998
0.639,1.201,1.397,35.889,-36.560,-41.443
0.580,1.109,1.312,29.358,-42.358,-13.794
0.512,1.003,1.227,22.278,-43.457,8.118
0.456,0.922,1.116,10.498,-38.086,28.137
0.470,0.747,1.140,-1.648,-29.846,47.729
0.249,0.677,0.963,-12.817,-31.738,60.913
0.219,0.583,0.994,-22.827,-30.334,75.562
0.145,0.469,0.974,-29.175,-25.635,96.497
0.006,0.348,0.941,-31.799,-20.996,114.868
-0.059,0.203,0.941,-35.095,-8.301,126.221
-0.125,0.056,0.915,-42.480,7.935,134.277
-0.170,-0.060,0.899,-46.753,21.179,136.414
-0.218,-0.156,0.901,-46.082,29.846,133.850
-0.250,-0.280,0.886,-41.382,35.461,129.578
-0.293,-0.450,0.859,-31.982,39.734,122.803
-0.339,-0.607,0.867,-24.353,44.922,113.831
-0.375,-0.715,0.917,-24.597,55.115,103.882
-0.404,-0.747,0.964,-30.945,66.528,95.093
-0.428,-0.763,1.000,-38.086,75.317,89.539
-0.446,-0.811,1.015,-43.884,79.773,86.914
-0.483,-0.891,1.002,-49.072,81.482,85.693
-0.495,-0.945,0.970,-56.763,83.618,81.909
-0.472,-0.952,0.906,-63.599,84.595,73.303
-0.445,-0.913,0.838,-63.660,81.238,59.937
-0.434,-0.893,0.776,-52.856,72.998,41.138
-0.432,-0.892,0.756,-34.485,63.110,18.311
-0.401,-0.876,0.751,-19.409,54.443,-6.287
-0.360,-0.790,0.736,-12.573,46.143,-28.503
-0.326,-0.685,0.708,-11.475,38.147,-44.800
-0.300,-0.606,0.669,-10.864,32.227,-55.603
-0.280,-0.551,0.648,-10.132,30.273,-63.232
-0.241,-0.483,0.646,-10.620,33.264,-69.702
-0.184,-0.401,0.659,-11.658,40.466,-74.890
-0.116,-0.312,0.661,-10.498,49.316,-79.041
-0.068,-0.213,0.703,-3.967,56.335,-84.045
-0.041,-0.113,0.803,6.104,62.988,-91.553
0.008,-0.008,0.917,13.672,71.472,-101.440
0.106,0.133,1.025,16.235,80.505,-111.572
0.236,0.285,1.112,14.526,84.900,-119.141
0.367,0.400,1.170,13.123,82.520,-122.559
0.479,0.478,1.220,12.512,76.233,-120.911
0.565,0.562,1.242,8.362,70.557,-114.075
0.619,0.676,1.263,2.991,65.552,-105.042
0.651,0.789,1.294,1.587,59.814,-96.069
0.695,0.874,1.342,2.686,53.955,-88.196
0.753,0.974,1.381,1.526,48.523,-80.139
0.817,1.057,1.387,-1.038,38.940,-70.435
0.857,1.100,1.355,-1.770,25.085,-57.983
0.862,1.105,1.292,-2.258,9.644,-41.809
0.911,1.025,1.290,-4.150,-4.517,-22.156
0.738,1.042,1.015,-5.920,-19.043,-3.967
0.708,1.003,0.997,-5.615,-25.391,13.367
0.662,0.997,0.961,-5.981,-30.762,33.447
0.604,0.959,0.915,-5.249,-34.363,55.481
0.523,0.843,0.886,-1.099,-36.072,76.477
0.430,0.659,0.861,3.906,-32.104,95.215
0.352,0.474,0.838,5.615,-23.193,110.413
0.290,0.308,0.817,5.859,-13.428,121.521
0.216,0.166,0.829,7.874,-8.789,128.174
0.157,0.013,0.844,13.184,-6.470,129.822
0.102,-0.124,0.862,16.541,-3.906,127.197
0.059,-0.240,0.879,15.747,-1.587,122.925
0.016,-0.329,0.895,14.038,-0.366,117.676
-0.027,-0.402,0.900,13.733,-0.793,109.802
-0.070,-0.493,0.912,15.869,-2.441,98.694
-0.097,-0.578,0.924,16.296,-3.540,85.571
-0.104,-0.630,0.926,12.329,-2.991,73.730
-0.112,-0.659,0.907,8.301,-2.808,64.270
-0.127,-0.694,0.894,7.080,-4.028,56.030
-0.129,-0.707,0.856,6.653,-5.676,47.607
-0.153,-0.711,0.837,9.277,-8.606,38.269
-0.187,-0.741,0.833,13.550,-10.132,28.503
-0.202,-0.750,0.814,13.062,-9.033,17.517
-0.190,-0.726,0.801,11.414,-7.324,4.883
-0.191,-0.694,0.789,13.123,-7.507,-7.385
-0.196,-0.655,0.791,17.822,-9.094,-20.447
-0.197,-0.597,0.802,22.095,-10.376,-34.180
-0.185,-0.517,0.819,23.743,-10.254,-46.021
-0.158,-0.429,0.831,24.292,-8.728,-55.420
-0.126,-0.352,0.851,24.719,-6.165,-62.805
-0.069,-0.273,0.870,25.330,-2.197,-68.604
-0.010,-0.174,0.917,26.733,2.075,-73.486
0.056,-0.089,0.988,28.259,7.568,-77.881
0.139,-0.002,1.058,28.259,12.634,-81.421
0.218,0.076,1.124,26.367,15.991,-83.618
0.313,0.156,1.171,22.766,17.944,-84.229
0.399,0.228,1.198,19.287,17.639,-82.642
0.461,0.285,1.211,16.418,13.977,-78.491
0.490,0.331,1.212,13.306,8.789,-71.289
0.472,0.397,1.210,9.216,3.845,-62.317
0.450,0.474,1.217,5.188,0.793,-53.650
0.442,0.522,1.227,2.502,-1.099,-46.082

0.386,1.083,1.137,-9.949,15.259,-44.556
0.418,1.071,1.096,-10.986,9.766,-26.001
0.422,1.054,1.057,-11.841,5.188,-5.005
0.397,1.010,1.028,-11.108,1.526,17.883
0.351,0.939,1.008,-9.705,-0.244,41.748
0.300,0.832,0.995,-8.789,0.366,64.941
0.256,0.713,0.995,-8.972,3.418,85.327
0.213,0.594,1.001,-9.399,8.118,102.600
0.179,0.481,1.024,-10.132,11.902,116.333
0.147,0.374,1.031,-10.803,14.160,126.526
0.100,0.278,1.030,-10.376,14.099,132.935
0.063,0.185,1.026,-9.094,9.888,133.728
0.045,0.094,1.031,-6.714,3.906,130.554
0.040,0.019,1.043,-3.906,0.000,126.099
0.045,-0.047,1.053,-2.319,-1.343,123.291
0.057,-0.125,1.062,-2.380,-1.343,122.864
0.050,-0.200,1.063,-3.601,-0.549,124.084
0.026,-0.284,1.054,-5.310,0.488,125.305
-0.016,-0.386,1.044,-7.568,1.099,124.695
-0.064,-0.465,1.031,-10.437,1.587,121.765
-0.105,-0.529,1.012,-12.024,1.404,115.967
-0.140,-0.599,1.000,-12.207,-0.122,107.666
-0.182,-0.676,0.990,-11.719,-2.197,98.145
-0.230,-0.746,0.981,-11.108,-4.517,87.769
-0.276,-0.797,0.978,-10.620,-6.653,75.806
-0.314,-0.831,0.969,-10.559,-8.728,62.927
-0.345,-0.848,0.950,-10.559,-10.742,49.561
-0.379,-0.861,0.918,-10.437,-13.184,36.621
-0.408,-0.861,0.876,-10.559,-15.747,23.743
-0.421,-0.845,0.829,-10.620,-16.785,10.315
-0.431,-0.812,0.784,-10.193,-16.541,-3.235
-0.446,-0.753,0.753,-8.057,-15.320,-17.273
-0.452,-0.689,0.729,-3.540,-13.245,-32.227
-0.456,-0.642,0.718,2.747,-10.559,-47.485
-0.435,-0.591,0.732,8.728,-5.859,-63.049
-0.382,-0.522,0.758,12.085,0.671,-78.125
-0.302,-0.447,0.790,13.306,7.568,-90.271
-0.247,-0.336,0.832,12.878,12.939,-98.267
-0.229,-0.203,0.891,13.489,16.785,-104.065
-0.205,-0.074,0.961,15.015,19.714,-109.497
-0.167,0.057,1.032,15.747,21.606,-115.417
-0.100,0.183,1.101,15.320,23.071,-121.643
-0.007,0.292,1.144,13.794,23.621,-126.038
0.088,0.384,1.163,11.597,21.667,-127.563
0.168,0.460,1.167,9.277,17.273,-125.977
0.223,0.519,1.156,7.019,12.268,-121.765
0.213,0.606,1.151,5.188,7.324,-115.417
0.177,0.706,1.163,3.662,4.089,-108.948
0.180,0.799,1.182,2.075,3.296,-103.577
0.211,0.884,1.198,-0.244,3.540,-98.206
0.255,0.970,1.199,-3.235,2.991,-91.248
0.313,1.046,1.180,-6.836,1.221,-81.726
0.374,1.108,1.138,-10.132,-1.709,-69.275
0.425,1.156,1.081,-12.451,-6.287,-53.467
0.452,1.179,1.011,-13.000,-11.536,-34.485
0.456,1.164,0.938,-11.597,-16.113,-12.939
0.441,1.125,0.875,-9.155,-18.738,8.972
0.397,1.063,0.835,-5.615,-18.311,32.410
0.348,0.967,0.824,-1.709,-14.771,56.824
0.291,0.850,0.830,1.099,-7.812,81.360
0.238,0.715,0.827,2.075,-0.183,103.699
0.196,0.565,0.848,3.052,6.714,122.437
0.150,0.413,0.872,4.028,14.648,137.085
0.107,0.253,0.910,4.578,18.250,147.278
0.062,0.085,0.946,3.967,18.127,152.283
0.002,-0.055,0.984,2.075,17.334,152.405
-0.048,-0.172,1.008,-0.061,16.174,148.193
-0.087,-0.261,1.030,-1.221,14.465,140.564
-0.118,-0.335,1.047,-1.160,11.841,130.737
-0.149,-0.404,1.052,-0.610,8.118,120.667
-0.177,-0.472,1.043,-0.366,3.296,111.694
-0.213,-0.547,1.025,0.122,0.061,103.943
-0.251,-0.646,0.999,-0.366,-0.916,97.107
-0.289,-0.739,0.971,-1.770,-0.549,89.722
-0.315,-0.805,0.948,-3.235,0.305,79.956
-0.346,-0.852,0.938,-3.540,0.916,67.749
-0.370,-0.879,0.932,-3.113,0.305,53.040
-0.390,-0.879,0.915,-3.113,-1.465,37.659
-0.412,-0.879,0.889,-2.869,-3.723,22.644
-0.418,-0.883,0.856,-2.502,-5.920,7.629
-0.422,-0.877,0.822,-2.258,-7.141,-6.348
-0.429,-0.840,0.795,-1.892,-7.202,-20.447
-0.428,-0.797,0.768,-0.854,-6.104,-35.034
-0.424,-0.728,0.755,1.282,-4.883,-50.049
-0.411,-0.635,0.753,4.456,-3.174,-65.125
-0.388,-0.538,0.762,8.240,-0.549,-79.529
-0.344,-0.441,0.785,11.353,3.845,-92.102
-0.281,-0.331,0.818,12.512,9.888,-101.929
-0.212,-0.214,0.859,12.207,16.052,-109.924
-0.158,-0.089,0.902,11.902,21.362,-115.356
-0.110,0.038,0.948,12.024,25.330,-119.202
-0.059,0.163,1.010,12.390,28.442,-122.986
-0.001,0.288,1.080,11.292,31.372,-125.916
0.090,0.407,1.134,8.789,33.203,-127.441
0.198,0.505,1.182,6.104,33.264,-127.136
0.299,0.591,1.214,3.296,30.884,-124.023
0.368,0.674,1.239,0.732,27.161,-117.432
0.391,0.754,1.264,-1.770,22.827,-108.459
0.398,0.846,1.285,-4.517,18.982,-98.389
0.412,0.942,1.293,-7.629,15.137,-87.952
0.437,1.019,1.284,-9.583,10.925,-77.026
0.478,1.079,1.266,-10.803,6.226,-65.002
0.521,1.119,1.238,-11.169,1.099,-51.086
0.552,1.136,1.192,-11.353,-4.761,-33.813
0.552,1.130,1.131,-11.414,-12.756,-12.817
0.505,1.091,1.052,-10.742,-20.813,11.169
0.421,1.015,0.982,-8.972,-26.550,37.231
0.318,0.908,0.923,-6.958,-28.625,62.195
0.214,0.777,0.879,-5.981,-26.428,84.045
0.123,0.647,0.841,-6.104,-21.545,100.952
0.047,0.510,0.841,-6.226,-16.785,112.915
-0.009,0.384,0.840,-4.883,-12.329,120.422
-0.054,0.249,0.839,-2.014,-8.667,124.329
-0.102,0.119,0.850,0.977,-10.498,125.305
-0.151,0.003,0.863,3.296,-14.282,123.718
-0.203,-0.098,0.870,4.700,-16.235,120.667
-0.244,-0.187,0.869,4.822,-15.930,116.028
-0.257,-0.252,0.854,3.479,-13.428,109.436
-0.261,-0.310,0.852,2.930,-9.644,101.074

0.537,0.823,1.161,53.284,-41.260,-152.649
0.512,0.817,1.162,55.481,-44.189,-138.245
0.494,0.791,1.129,57.190,-49.377,-125.366
0.441,0.779,1.078,50.659,-54.199,-106.079
0.366,0.791,0.992,35.706,-53.040,-77.698
0.287,0.779,0.899,23.254,-49.194,-46.326
0.234,0.721,0.843,16.724,-44.922,-16.113
0.122,0.645,0.809,11.353,-41.321,11.902
0.037,0.553,0.801,5.188,-36.438,37.598
-0.045,0.464,0.821,-2.014,-27.954,59.570
-0.118,0.373,0.821,-7.996,-18.616,76.416
-0.169,0.279,0.815,-10.681,-11.169,88.684
-0.206,0.171,0.839,-11.719,-5.920,99.182
-0.228,0.060,0.869,-13.428,3.906,110.107
-0.240,-0.027,0.899,-14.465,14.771,119.812
-0.257,-0.097,0.943,-14.465,22.888,127.319
-0.295,-0.161,0.993,-15.259,28.076,132.263
-0.335,-0.218,0.996,-17.822,32.043,133.240
-0.336,-0.265,0.991,-20.996,35.461,129.028
-0.354,-0.293,0.969,-22.339,34.729,121.399
-0.366,-0.357,0.944,-21.545,31.494,112.915
-0.375,-0.442,0.942,-20.264,30.334,104.858
-0.387,-0.523,0.951,-21.729,32.104,97.900
-0.368,-0.606,0.972,-24.292,35.522,91.492
-0.358,-0.674,0.989,-25.574,37.170,85.754
-0.362,-0.725,0.977,-27.222,34.424,79.956
-0.389,-0.768,0.919,-25.818,28.503,71.899
-0.420,-0.824,0.871,-18.616,21.057,59.265
-0.442,-0.883,0.872,-11.841,15.442,44.006
-0.455,-0.879,0.886,-9.949,13.245,29.541
-0.456,-0.849,0.876,-11.108,11.719,17.151
-0.475,-0.820,0.838,-12.573,8.362,7.080
-0.522,-0.811,0.765,-12.939,4.517,-1.709
-0.548,-0.825,0.700,-10.193,4.578,-12.939
-0.553,-0.796,0.700,-5.554,8.667,-27.771
-0.531,-0.705,0.739,-1.465,13.672,-43.457
-0.476,-0.596,0.788,0.793,18.311,-56.702
-0.414,-0.514,0.834,2.014,21.667,-65.796
-0.346,-0.455,0.878,2.686,25.391,-71.838
-0.263,-0.391,0.909,2.197,30.762,-76.416
-0.192,-0.332,0.937,2.380,36.133,-79.956
-0.121,-0.274,0.958,3.235,39.917,-83.008
-0.062,-0.218,0.968,3.479,39.978,-86.609
-0.043,-0.150,0.983,3.174,37.415,-89.233
-0.062,-0.034,1.024,2.808,35.522,-91.553
-0.040,0.116,1.081,2.930,35.950,-96.863
0.022,0.252,1.151,5.005,36.255,-105.835
0.125,0.350,1.207,7.874,34.180,-115.234
0.246,0.442,1.243,7.874,29.724,-121.033
0.356,0.531,1.247,4.639,23.254,-121.582
0.447,0.606,1.229,0.488,16.541,-116.211
0.511,0.662,1.204,-4.211,11.047,-104.858
0.552,0.722,1.181,-8.850,7.629,-89.600
0.551,0.792,1.164,-13.184,5.249,-71.777
0.550,0.868,1.156,-15.442,3.784,-53.711
0.547,0.902,1.148,-14.832,1.221,-37.109
0.545,0.911,1.122,-13.000,-1.892,-20.447
0.519,0.915,1.082,-12.024,-6.836,-3.784
0.466,0.897,1.015,-11.536,-13.367,13.977
0.412,0.857,0.972,-10.925,-18.982,32.654
0.335,0.801,0.932,-10.071,-20.996,52.368
0.244,0.717,0.900,-9.277,-21.118,71.350
0.157,0.621,0.887,-8.362,-18.982,87.402
0.093,0.524,0.897,-6.226,-13.123,100.037
0.059,0.425,0.931,-2.930,-5.066,109.741
0.040,0.335,0.983,-0.122,3.540,117.798
0.024,0.248,1.036,0.732,12.207,124.268
0.007,0.158,1.077,-0.671,18.066,129.456
-0.015,0.093,1.086,-4.089,19.836,132.812
-0.066,0.053,1.074,-7.568,18.372,133.240
-0.118,-0.001,1.052,-7.812,14.771,128.845
-0.145,-0.054,1.018,-6.714,9.460,119.202
-0.138,-0.109,0.993,-6.226,4.456,107.605
-0.123,-0.156,0.991,-4.944,2.258,98.022
-0.116,-0.181,1.004,-3.784,2.319,91.919
-0.134,-0.224,1.009,-3.662,0.916,88.013
-0.159,-0.281,0.991,-4.944,-0.793,84.900
-0.176,-0.336,0.952,-7.935,-2.197,81.360
-0.196,-0.379,0.906,-9.766,-2.136,76.660
-0.209,-0.404,0.874,-8.179,-0.854,69.946
-0.209,-0.454,0.856,-4.211,-0.854,62.195
-0.195,-0.523,0.865,-1.648,-0.183,55.786
-0.187,-0.560,0.884,-0.916,3.967,53.101
-0.189,-0.593,0.894,-1.465,8.911,52.246
-0.189,-0.642,0.885,-2.808,12.024,52.124
-0.196,-0.693,0.876,-3.601,15.930,52.185
-0.203,-0.727,0.881,-3.723,20.386,51.270
-0.207,-0.750,0.880,-4.395,23.804,48.340
-0.217,-0.779,0.863,-4.578,25.513,43.030
-0.235,-0.811,0.835,-3.845,24.902,35.400
-0.259,-0.810,0.809,-2.136,21.790,24.597
-0.281,-0.775,0.780,1.282,16.113,11.414
-0.322,-0.745,0.752,6.653,8.301,-1.953
-0.350,-0.718,0.731,10.986,2.075,-14.282
-0.364,-0.666,0.725,12.939,0.183,-24.353
-0.355,-0.604,0.736,13.916,2.075,-32.227
-0.343,-0.555,0.748,16.296,7.507,-38.757
-0.318,-0.526,0.784,20.020,16.052,-44.128
-0.264,-0.490,0.847,22.644,26.611,-49.744
-0.193,-0.435,0.913,23.315,36.987,-54.504
-0.123,-0.410,0.971,23.376,43.579,-57.251
-0.056,-0.414,1.014,23.010,46.509,-58.655
-0.011,-0.378,1.052,20.630,45.837,-60.486
-0.006,-0.280,1.090,18.616,41.443,-64.575
-0.038,-0.163,1.136,18.738,34.180,-71.960
-0.028,-0.065,1.175,18.860,27.527,-83.435
0.043,0.024,1.208,17.334,23.804,-95.337
0.119,0.111,1.219,15.808,20.386,-103.394
0.177,0.138,1.208,14.648,14.954,-105.774
0.235,0.125,1.172,11.841,10.681,-103.577
0.262,0.128,1.135,7.324,8.728,-97.534
0.255,0.137,1.100,4.333,8.118,-89.600
0.194,0.178,1.104,3.540,8.057,-81.665
0.126,0.278,1.165,3.357,9.644,-76.721
0.127,0.409,1.245,2.991,14.404,-76.660
0.169,0.492,1.317,3.601,18.311,-78.735
0.246,0.510,1.354,2.747,18.250,-78.247
0.337,0.523,1.356,-3.113,16.663,-72.815
0.390,0.555,1.318,-11.475,13.000,-61.523

0.439,0.948,1.218,-2.502,11.108,-78.003
0.464,0.987,1.167,-7.935,3.906,-62.866
0.458,1.011,1.092,-12.451,-4.639,-45.776
0.432,1.016,1.014,-15.381,-13.794,-28.320
0.391,1.019,0.944,-16.052,-21.179,-11.353
0.355,1.011,0.888,-15.564,-25.757,4.822
0.306,0.984,0.828,-14.099,-27.405,21.179
0.266,0.937,0.784,-11.475,-26.794,37.109
0.232,0.876,0.769,-8.423,-23.437,53.223
0.203,0.803,0.774,-5.432,-17.517,70.313
0.178,0.716,0.791,-2.563,-9.827,87.585
0.153,0.627,0.821,-0.732,-0.854,103.943
0.140,0.534,0.859,0.793,8.667,117.554
0.132,0.439,0.892,1.892,17.578,127.869
0.130,0.341,0.929,2.380,25.452,135.559
0.116,0.257,0.983,2.258,32.776,141.113
0.106,0.187,1.029,1.221,38.025,144.531
0.087,0.134,1.077,-0.671,40.100,145.264
0.070,0.087,1.107,-2.686,38.818,145.020
0.049,0.035,1.112,-3.723,33.264,143.555
0.032,-0.045,1.095,-3.723,24.780,140.503
0.016,-0.127,1.086,-3.296,16.907,136.047
-0.007,-0.189,1.093,-2.625,12.756,130.554
-0.013,-0.255,1.099,-1.526,11.108,123.901
0.000,-0.319,1.104,-1.099,10.071,116.455
0.012,-0.369,1.117,-1.404,8.240,109.009
0.006,-0.411,1.114,-1.770,4.395,103.088
-0.014,-0.450,1.100,-2.930,0.305,98.816
-0.036,-0.499,1.072,-4.883,-3.540,95.459
-0.067,-0.582,1.045,-6.836,-6.836,92.712
-0.109,-0.660,1.025,-9.338,-7.507,89.539
-0.157,-0.697,1.005,-12.024,-5.798,83.862
-0.183,-0.716,0.991,-12.512,-3.906,74.341
-0.201,-0.741,0.990,-10.498,-3.479,62.622
-0.223,-0.761,0.990,-8.301,-4.211,50.781
-0.240,-0.766,0.977,-8.118,-5.676,39.429
-0.256,-0.752,0.949,-9.583,-8.301,28.320
-0.277,-0.734,0.901,-10.864,-12.390,17.334
-0.300,-0.720,0.843,-11.780,-17.761,6.897
-0.324,-0.702,0.781,-11.230,-23.437,-3.906
-0.345,-0.680,0.723,-7.935,-28.076,-15.808
-0.362,-0.655,0.676,-3.540,-30.396,-28.870
-0.375,-0.627,0.645,1.648,-29.724,-41.992
-0.370,-0.592,0.626,7.568,-24.780,-54.993
-0.351,-0.548,0.634,14.465,-16.541,-66.650
-0.327,-0.508,0.665,20.447,-6.348,-75.867
-0.286,-0.487,0.702,23.987,4.578,-82.092
-0.228,-0.464,0.745,24.292,17.090,-85.510
-0.172,-0.431,0.792,23.010,29.480,-87.219
-0.136,-0.372,0.848,22.156,39.612,-89.722
-0.103,-0.305,0.910,22.583,46.509,-94.604
-0.065,-0.231,0.977,23.743,50.781,-101.624
-0.012,-0.153,1.032,25.635,52.307,-110.168
0.044,-0.084,1.086,27.039,51.270,-118.958
0.107,-0.030,1.117,26.550,47.241,-125.732
0.165,0.007,1.128,24.658,40.955,-129.517
0.187,0.064,1.131,21.423,33.997,-131.287
0.167,0.169,1.140,18.188,28.564,-132.385
0.144,0.299,1.171,16.357,25.391,-134.949
0.166,0.422,1.215,16.357,24.658,-140.137
0.218,0.538,1.264,17.029,25.452,-146.118
0.303,0.654,1.319,16.113,26.550,-150.146
0.411,0.753,1.358,13.306,26.428,-151.367
0.522,0.846,1.379,8.789,21.973,-147.583
0.600,0.929,1.365,3.174,11.963,-137.939
0.637,0.996,1.319,-2.930,-1.648,-123.352
0.634,1.046,1.242,-8.301,-16.418,-104.553
0.603,1.067,1.154,-10.742,-30.334,-83.618
0.563,1.058,1.068,-10.193,-40.710,-62.439
0.520,1.032,0.984,-8.301,-46.570,-41.565
0.492,1.002,0.943,-5.981,-47.729,-20.813
0.451,0.963,0.900,-3.784,-44.250,0.122
0.432,0.908,0.878,-2.625,-37.598,21.423
0.413,0.840,0.866,-2.869,-29.419,43.884
0.386,0.778,0.878,-3.906,-21.240,67.200
0.393,0.710,0.908,-4.761,-16.418,89.722
0.348,0.638,0.910,-3.845,-9.216,111.084
0.298,0.554,0.927,-2.808,-3.296,127.686
0.265,0.453,0.932,-2.808,0.732,140.320
0.228,0.348,0.935,-5.005,2.563,149.414
0.189,0.256,0.941,-7.385,4.395,155.334
0.155,0.170,0.945,-8.362,7.751,157.654
0.120,0.098,0.961,-7.507,10.925,157.227
0.089,0.029,0.987,-5.493,12.085,155.518
0.058,-0.040,1.006,-3.113,11.230,152.527
0.039,-0.104,1.043,-1.526,10.803,149.231
0.022,-0.166,1.071,-1.038,10.925,146.851
0.019,-0.235,1.099,-1.404,11.169,144.409
0.025,-0.298,1.132,-2.808,11.963,141.541
0.016,-0.347,1.161,-4.333,11.841,138.184
-0.002,-0.386,1.180,-5.371,9.705,134.338
-0.026,-0.418,1.184,-6.775,5.615,129.211
-0.043,-0.442,1.179,-8.301,0.549,122.864
-0.059,-0.483,1.149,-8.728,-6.470,115.906
-0.066,-0.523,1.118,-9.583,-13.123,108.154
-0.065,-0.538,1.096,-11.108,-17.212,100.037
-0.067,-0.537,1.071,-11.597,-20.386,92.224
-0.067,-0.549,1.042,-10.620,-24.475,85.388
-0.077,-0.568,1.017,-9.460,-28.687,79.285
-0.105,-0.596,0.992,-9.033,-31.677,74.341
-0.143,-0.631,0.964,-10.254,-32.837,69.214
-0.174,-0.639,0.937,-13.062,-32.166,62.500
-0.204,-0.630,0.911,-14.343,-31.372,53.467
-0.231,-0.621,0.885,-12.939,-32.104,44.312
-0.267,-0.631,0.858,-10.071,-33.813,35.400
-0.298,-0.645,0.828,-7.751,-34.912,26.428
-0.316,-0.640,0.796,-6.287,-34.546,16.907
-0.339,-0.620,0.770,-4.395,-34.119,7.080
-0.359,-0.610,0.743,-1.892,-33.630,-2.686
-0.376,-0.614,0.719,0.793,-32.104,-12.817
-0.379,-0.579,0.716,2.563,-27.527,-24.048
-0.369,-0.518,0.735,4.761,-20.203,-35.583
-0.342,-0.460,0.771,7.568,-11.902,-46.387
-0.301,-0.406,0.806,9.583,-4.272,-54.443
-0.253,-0.347,0.843,9.583,3.052,-60.730
-0.202,-0.288,0.882,9.155,11.658,-65.735
-0.145,-0.239,0.918,8.606,19.470,-69.153
-0.127,-0.170,0.963,7.935,24.353,-71.106
-0.133,-0.078,1.009,7.385,26.611,-74.158

0.580,0.839,1.214,8.789,31.860,9.521
0.581,0.812,1.206,5.005,18.921,29.297
0.554,0.751,1.168,0.305,6.958,49.255
0.515,0.677,1.121,-3.601,-0.793,68.237
0.472,0.594,1.085,-5.615,-4.944,84.534
0.411,0.524,1.069,-6.165,-5.920,97.595
0.346,0.450,1.076,-4.822,-4.700,107.483
0.281,0.378,1.092,-3.418,-4.028,114.929
0.218,0.306,1.108,-2.747,-4.700,120.789
0.152,0.227,1.119,-3.174,-5.859,126.465
0.097,0.151,1.114,-4.272,-7.263,132.019
0.041,0.085,1.095,-5.371,-9.888,136.841
-0.024,-0.002,1.066,-4.517,-14.282,140.503
-0.113,-0.103,1.035,-2.258,-19.531,140.930
-0.190,-0.202,1.006,-0.549,-22.034,136.475
-0.235,-0.264,0.993,-1.160,-21.362,128.052
-0.261,-0.314,0.986,-1.404,-18.738,118.835
-0.267,-0.355,0.983,0.000,-15.930,110.535
-0.294,-0.402,0.985,2.686,-14.893,103.149
-0.315,-0.466,0.985,4.395,-14.771,96.313
-0.328,-0.522,0.978,3.479,-13.550,90.149
-0.355,-0.569,0.954,0.305,-10.925,84.717
-0.388,-0.614,0.918,-2.747,-7.568,79.163
-0.417,-0.669,0.875,-3.723,-5.005,71.716
-0.427,-0.702,0.825,-2.930,-2.258,61.279
-0.433,-0.725,0.794,-0.305,0.122,48.096
-0.428,-0.748,0.789,3.784,2.747,33.936
-0.412,-0.762,0.790,5.737,5.737,20.081
-0.397,-0.750,0.782,4.211,7.751,7.080
-0.382,-0.718,0.753,1.953,7.874,-4.578
-0.376,-0.689,0.713,1.038,6.104,-14.648
-0.386,-0.660,0.676,2.869,4.028,-24.658
-0.392,-0.614,0.652,5.798,3.723,-35.522
-0.393,-0.568,0.642,8.911,5.615,-46.570
-0.382,-0.527,0.648,12.756,9.033,-56.702
-0.363,-0.493,0.664,16.541,14.038,-66.101
-0.318,-0.462,0.678,19.348,20.569,-74.951
-0.259,-0.428,0.710,22.095,28.381,-82.886
-0.204,-0.390,0.762,24.902,37.231,-89.233
-0.152,-0.356,0.826,27.039,46.021,-93.323
-0.122,-0.292,0.901,27.039,53.711,-96.619
-0.107,-0.208,0.969,25.269,58.838,-99.731
-0.067,-0.148,1.021,23.437,61.829,-103.088
-0.010,-0.111,1.068,21.484,62.927,-106.201
0.056,-0.083,1.105,18.494,62.744,-108.093
0.121,-0.058,1.132,15.076,61.218,-108.704
0.169,-0.026,1.154,11.719,57.373,-108.521
0.180,0.031,1.166,8.179,50.476,-107.910
0.164,0.107,1.168,5.737,41.321,-108.948
0.131,0.199,1.171,4.944,31.311,-111.450
0.108,0.289,1.177,5.310,23.865,-116.089
0.117,0.375,1.196,6.042,20.325,-121.521
0.164,0.467,1.227,6.104,20.081,-125.977
0.238,0.567,1.259,4.822,21.667,-127.014
0.319,0.671,1.279,1.465,23.010,-123.230
0.391,0.770,1.282,-2.258,21.545,-113.831
0.429,0.851,1.265,-4.883,16.724,-100.098
0.456,0.904,1.242,-6.775,10.620,-84.045
0.484,0.927,1.216,-8.240,5.798,-66.345
0.510,0.934,1.196,-9.766,3.113,-47.546
0.559,0.925,1.189,-11.108,2.747,-27.527
0.581,0.905,1.180,-11.475,3.052,-6.531
0.593,0.853,1.167,-11.597,1.648,14.404
0.589,0.791,1.151,-12.512,-1.831,35.522
0.566,0.731,1.121,-14.404,-6.531,55.359
0.526,0.669,1.090,-15.015,-11.841,72.327
0.486,0.607,1.062,-14.954,-17.212,85.144
0.443,0.534,1.035,-13.611,-21.240,94.482
0.400,0.459,1.009,-12.817,-23.926,102.417
0.348,0.382,0.983,-12.451,-25.513,109.680
0.293,0.303,0.957,-12.207,-26.001,117.188
0.226,0.229,0.937,-12.390,-25.879,124.146
0.152,0.158,0.926,-13.123,-25.085,130.737
0.080,0.086,0.915,-14.038,-23.315,136.292
0.011,0.012,0.903,-15.015,-20.630,140.625
-0.053,-0.059,0.899,-15.930,-17.395,143.127
-0.106,-0.137,0.885,-16.418,-14.832,143.372
-0.139,-0.220,0.868,-16.235,-11.414,141.968
-0.171,-0.296,0.862,-14.832,-8.667,137.817
-0.201,-0.374,0.858,-12.085,-6.287,131.653
-0.220,-0.448,0.869,-8.850,-4.089,123.413
-0.224,-0.507,0.894,-5.615,-1.465,113.953
-0.223,-0.557,0.924,-2.991,0.793,104.553
-0.226,-0.598,0.953,-1.404,3.052,96.375
-0.234,-0.640,0.970,-1.770,4.211,90.149
-0.252,-0.687,0.968,-3.357,4.517,84.900
-0.279,-0.731,0.949,-6.226,3.784,78.857
-0.309,-0.759,0.922,-9.460,2.747,70.374
-0.330,-0.766,0.888,-11.230,0.977,58.105
-0.346,-0.763,0.849,-10.742,-2.136,42.603
-0.359,-0.750,0.813,-8.301,-6.897,25.879
-0.372,-0.720,0.778,-5.005,-12.146,8.789
-0.382,-0.687,0.745,-1.953,-15.930,-6.653
-0.387,-0.656,0.715,1.160,-17.273,-20.020
-0.391,-0.627,0.690,4.089,-16.296,-31.738
-0.393,-0.587,0.680,6.897,-13.184,-42.419
-0.381,-0.547,0.678,9.216,-8.118,-52.124
-0.362,-0.499,0.695,10.925,-1.282,-60.547
-0.332,-0.433,0.719,11.414,7.141,-68.359
-0.279,-0.369,0.754,11.169,16.846,-75.073
-0.210,-0.323,0.797,11.108,26.489,-80.688
-0.132,-0.281,0.844,11.108,34.790,-85.266
-0.055,-0.232,0.889,11.108,39.734,-89.539
0.002,-0.182,0.933,11.230,41.382,-93.872
0.012,-0.103,0.987,11.780,40.527,-98.328
0.020,-0.015,1.031,12.573,38.391,-104.309
0.052,0.046,1.071,13.000,36.255,-111.389
0.102,0.096,1.101,11.841,33.752,-117.615
0.155,0.137,1.116,10.132,31.250,-122.620
0.221,0.163,1.108,7.385,27.283,-125.305
0.264,0.205,1.091,5.432,21.179,-125.977
0.278,0.278,1.079,5.066,13.672,-125.000
0.247,0.373,1.083,7.324,5.615,-123.108
0.210,0.458,1.106,11.353,-0.977,-121.033
0.172,0.529,1.138,14.771,-5.066,-118.103
0.157,0.589,1.168,15.930,-6.775,-114.014
0.173,0.638,1.188,14.282,-5.859,-108.765
0.205,0.696,1.191,10.620,-3.723,-100.952
0.237,0.748,1.174,6.470,-1.770,-89.539

0.290,1.192,1.071,-8.118,1.648,-88.379
0.289,1.223,1.047,-5.554,-4.761,-71.899
0.273,1.248,1.018,-3.357,-10.803,-53.040
0.271,1.248,0.982,-1.648,-15.503,-33.508
0.273,1.223,0.933,0.122,-18.616,-13.916
0.274,1.182,0.884,2.625,-20.996,5.310
0.273,1.126,0.844,5.615,-21.362,24.475
0.273,1.063,0.815,8.484,-19.470,43.213
0.274,0.995,0.802,11.230,-15.808,61.462
0.270,0.917,0.812,13.123,-10.864,78.552
0.279,0.841,0.826,14.038,-4.944,94.421
0.274,0.751,0.852,15.015,-0.732,109.314
0.250,0.650,0.873,16.296,1.404,123.108
0.213,0.538,0.893,16.785,2.197,134.827
0.168,0.419,0.887,15.320,2.258,143.188
0.115,0.292,0.870,12.817,1.648,147.400
0.067,0.198,0.859,10.803,2.136,147.461
0.025,0.134,0.855,10.742,2.686,143.921
0.004,0.084,0.853,13.123,3.296,138.000
-0.010,0.028,0.869,16.479,3.235,132.385
-0.029,-0.037,0.892,19.958,3.235,129.211
-0.042,-0.119,0.906,21.362,4.211,129.211
-0.051,-0.222,0.916,20.935,6.409,130.981
-0.068,-0.335,0.942,19.775,10.986,133.423
-0.096,-0.455,0.965,17.822,16.418,134.583
-0.106,-0.567,0.992,15.198,22.400,132.690
-0.106,-0.669,1.026,12.756,27.466,126.953
-0.111,-0.749,1.077,10.803,30.884,117.615
-0.116,-0.821,1.136,9.521,32.288,105.164
-0.130,-0.865,1.196,8.484,31.067,90.515
-0.147,-0.896,1.244,7.385,26.672,74.219
-0.167,-0.904,1.268,5.798,18.982,57.251
-0.180,-0.905,1.255,3.235,8.545,40.955
-0.204,-0.881,1.199,-0.061,-3.357,25.879
-0.230,-0.844,1.119,-3.540,-15.076,11.841
-0.252,-0.809,1.039,-5.859,-24.475,-1.038
-0.277,-0.774,0.978,-6.775,-30.518,-13.184
-0.290,-0.727,0.925,-7.141,-33.020,-26.245
-0.302,-0.645,0.893,-6.714,-32.532,-39.856
-0.307,-0.549,0.881,-4.761,-29.907,-53.467
-0.299,-0.464,0.881,-2.319,-25.757,-65.857
-0.280,-0.391,0.892,-0.244,-20.630,-76.416
-0.249,-0.317,0.907,-0.427,-13.977,-84.106
-0.206,-0.245,0.912,-2.197,-7.141,-89.783
-0.173,-0.173,0.912,-4.089,-2.075,-93.811
-0.174,-0.091,0.922,-4.517,0.122,-97.046
-0.182,-0.009,0.942,-3.601,1.526,-101.196
-0.170,0.067,0.970,-2.930,3.662,-107.056
-0.138,0.146,1.000,-2.991,6.409,-113.647
-0.087,0.219,1.015,-4.211,8.179,-119.202
-0.029,0.284,1.021,-5.920,8.606,-122.314
0.028,0.340,1.005,-7.690,6.287,-122.437
0.054,0.400,0.980,-8.789,1.770,-119.934
0.026,0.468,0.962,-8.850,-2.808,-116.089
-0.008,0.547,0.951,-8.789,-6.104,-112.305
-0.023,0.617,0.946,-9.399,-6.042,-109.619
-0.029,0.700,0.956,-10.254,-2.563,-107.300
0.001,0.784,0.961,-12.268,0.793,-105.042
0.059,0.858,0.952,-14.465,3.601,-101.807
0.122,0.921,0.934,-16.113,3.906,-96.130
0.186,0.968,0.903,-16.602,1.709,-86.914
0.239,0.999,0.869,-14.954,-1.221,-73.608
0.263,1.015,0.846,-12.207,-3.723,-57.678
0.268,1.020,0.838,-8.972,-5.127,-40.100
0.264,1.015,0.837,-5.188,-4.822,-21.179
0.267,1.003,0.842,-2.441,-3.113,-2.441
0.276,0.979,0.836,-0.793,-1.587,15.747
0.284,0.947,0.823,0.488,-0.549,33.691
0.287,0.907,0.803,2.075,0.610,50.842
0.270,0.856,0.784,4.822,1.648,66.895
0.248,0.789,0.767,8.362,2.625,80.933
0.224,0.723,0.757,13.000,3.906,93.201
0.195,0.651,0.753,18.311,5.066,104.431
0.172,0.569,0.761,23.682,6.531,114.990
0.166,0.466,0.784,28.442,9.155,125.549
0.150,0.353,0.815,31.677,13.245,137.451
0.139,0.229,0.865,34.180,18.311,150.513
0.102,0.080,0.908,35.278,24.597,163.025
0.064,-0.057,0.958,35.339,29.785,172.485
0.025,-0.180,1.016,34.241,33.264,176.392
-0.005,-0.277,1.071,32.349,33.081,174.194
-0.034,-0.326,1.094,29.785,28.198,166.260
-0.062,-0.344,1.103,28.198,17.822,154.419
-0.096,-0.360,1.083,30.701,3.784,140.442
-0.131,-0.382,1.049,35.889,-9.827,127.075
-0.188,-0.402,1.031,40.588,-21.667,116.272
-0.245,-0.425,1.052,44.800,-30.701,107.910
-0.291,-0.453,1.040,48.950,-37.476,101.929
-0.307,-0.468,0.989,49.377,-42.480,95.825
-0.303,-0.478,0.934,44.189,-45.532,88.318
-0.327,-0.593,0.555,28.137,-39.673,75.928
-0.347,-0.295,1.043,-7.568,-12.512,54.138
-0.265,-0.324,0.697,2.319,-14.465,42.419
-0.214,-0.269,0.760,9.705,-22.827,25.940
-0.231,-0.213,0.750,13.733,-37.964,11.597
-0.271,-0.188,0.675,25.085,-50.171,-1.221
-0.306,-0.166,0.666,30.457,-52.185,-13.062
-0.310,-0.185,0.704,33.142,-49.194,-22.583
-0.340,-0.217,0.763,37.354,-43.091,-27.954
-0.352,-0.236,0.802,38.086,-31.311,-29.968
-0.343,-0.215,0.817,34.302,-18.005,-29.968
-0.348,-0.229,0.884,30.151,-5.127,-28.931
-0.337,-0.218,0.917,26.794,3.784,-28.687
-0.303,-0.200,0.928,25.391,8.179,-30.273
-0.338,-0.156,0.895,23.071,11.963,-34.180
-0.335,-0.094,0.897,26.123,13.245,-41.809
-0.329,-0.077,0.886,35.217,14.893,-51.636
-0.363,-0.094,0.852,38.208,26.733,-63.782
-0.303,-0.074,0.871,35.583,39.368,-76.355
-0.231,-0.037,0.933,35.095,44.556,-85.571
-0.193,-0.011,0.934,41.138,36.804,-88.928
-0.191,-0.018,0.941,46.875,28.809,-90.027
-0.185,-0.025,0.944,51.147,23.315,-90.271
-0.187,-0.026,0.957,52.002,23.804,-91.675
-0.216,-0.024,0.918,49.927,29.846,-94.360
-0.207,-0.010,0.922,48.767,34.851,-98.389
-0.168,-0.022,0.891,51.025,36.133,-102.844
-0.152,-0.019,0.958,55.664,33.020,-107.239
-0.009,0.028,1.035,56.702,32.959,-112.793

-0.028,0.169,1.339,-74.829,56.030,-41.748
0.121,0.753,1.900,-53.040,30.579,-4.211
-0.471,0.834,1.864,49.683,-91.919,92.285
-0.316,0.499,1.435,56.580,-171.387,106.995
-0.276,-0.014,1.179,44.189,-162.292,101.013
-0.403,-0.186,0.887,24.902,-142.212,101.807
-0.570,-0.221,0.915,6.348,-106.750,102.112
-0.488,-0.133,0.918,-15.198,-72.205,87.463
-0.411,-0.135,0.823,-42.786,-62.683,63.538
-0.432,-0.131,0.705,-58.716,-59.937,43.945
-0.485,-0.080,0.709,-59.998,-50.415,28.198
-0.490,-0.094,0.708,-56.091,-36.072,17.578
-0.414,-0.122,0.708,-51.636,-28.992,13.977
-0.405,-0.176,0.756,-47.913,-28.015,15.991
-0.394,-0.210,0.786,-45.654,-32.837,18.921
-0.425,-0.240,0.870,-46.082,-36.255,21.301
-0.425,-0.168,0.855,-43.457,-34.241,25.391
-0.427,-0.099,0.859,-41.748,-29.480,23.315
-0.549,-0.004,0.783,-40.894,-8.972,13.672
-0.424,-0.031,0.975,-34.485,32.532,13.733
-0.498,0.004,0.983,-14.465,59.326,13.489
-0.588,-0.088,1.073,2.563,80.566,12.268
-0.466,-0.203,1.054,9.644,97.473,17.456
-0.520,-0.282,1.021,15.198,105.835,26.062
-0.594,-0.353,0.941,22.522,119.202,37.598
-0.561,-0.498,0.944,38.940,141.663,48.096
-0.551,-0.408,0.980,57.007,173.645,68.176
-0.774,-0.057,0.884,72.571,215.210,79.773
-0.511,-0.336,0.786,77.820,241.455,56.946
-0.302,-0.187,0.780,77.148,211.914,45.288
-0.309,-0.018,0.843,59.204,160.217,46.143
-0.201,-0.135,0.734,31.677,122.742,37.659
-0.256,-0.248,0.875,10.681,77.393,33.630
-0.186,-0.264,0.929,0.549,46.082,36.377
-0.207,-0.270,0.837,-1.282,39.490,45.044
-0.409,-0.172,1.021,-3.662,35.583,51.453
-0.302,0.008,1.144,-12.390,48.889,37.354
-0.170,0.130,1.178,-21.912,68.604,13.611
-0.039,0.173,1.198,-25.452,78.308,-4.578
0.063,0.199,1.229,-27.954,79.041,-13.000
0.186,0.300,1.239,-35.278,74.219,-14.221
0.352,0.468,1.207,-43.152,68.848,-13.000
0.514,0.638,1.160,-47.302,60.303,-12.268
0.646,0.789,1.175,-46.631,47.424,-11.475
0.820,0.775,1.155,-44.861,32.959,-11.230
0.916,0.776,1.227,-46.326,15.869,1.343
0.898,0.933,1.196,-56.641,1.587,25.024
0.906,0.999,1.074,-64.026,-12.207,44.250
0.849,0.978,1.030,-63.354,-26.672,65.735
0.758,0.885,0.966,-61.462,-35.339,90.393
0.618,0.766,0.894,-58.167,-41.199,114.441
0.494,0.633,0.874,-53.772,-43.030,137.817
0.340,0.511,0.866,-52.979,-43.518,162.537
0.163,0.366,0.863,-53.589,-39.978,185.547
0.006,0.197,0.846,-55.298,-32.104,203.247
-0.146,0.001,0.834,-58.899,-19.531,215.515
-0.290,-0.202,0.815,-65.491,-5.676,222.717
-0.411,-0.363,0.817,-74.097,9.094,223.816
-0.480,-0.473,0.804,-79.529,24.292,218.079
-0.524,-0.540,0.838,-77.942,34.119,207.458
-0.567,-0.587,0.871,-69.824,34.119,192.627
-0.620,-0.656,0.913,-58.838,26.001,172.180
-0.660,-0.750,0.944,-46.997,13.672,146.912
-0.693,-0.832,0.961,-36.987,0.610,119.202
-0.712,-0.862,0.966,-31.921,-12.451,90.942
-0.699,-0.846,0.961,-30.579,-23.926,62.866
-0.664,-0.812,0.933,-29.419,-31.494,37.903
-0.626,-0.770,0.903,-28.198,-35.583,17.822
-0.581,-0.724,0.870,-29.053,-36.804,2.869
-0.538,-0.668,0.831,-29.602,-34.607,-8.667
-0.489,-0.599,0.792,-29.053,-31.860,-20.142
-0.422,-0.512,0.735,-27.283,-30.090,-30.457
-0.377,-0.408,0.704,-21.606,-28.076,-39.978
-0.343,-0.309,0.693,-12.146,-28.259,-49.561
-0.302,-0.216,0.662,-2.686,-29.846,-58.655
-0.283,-0.113,0.667,6.714,-27.710,-66.589
-0.231,-0.042,0.690,15.381,-23.743,-73.914
-0.169,0.021,0.729,23.132,-18.677,-79.468
-0.122,0.085,0.769,29.419,-15.259,-81.604
-0.120,0.161,0.820,33.447,-12.207,-81.238
-0.136,0.252,0.862,35.645,-7.812,-80.994
-0.141,0.358,0.916,35.278,-1.282,-81.787
-0.143,0.472,0.966,33.630,5.798,-83.740
-0.100,0.585,1.021,31.128,15.442,-86.426
-0.006,0.684,1.084,27.100,25.024,-90.149
0.132,0.748,1.135,23.987,33.142,-92.712
0.272,0.807,1.171,23.254,34.607,-91.370
0.357,0.862,1.195,22.522,28.687,-84.595
0.388,0.906,1.202,20.630,18.921,-74.036
0.381,0.941,1.191,16.785,9.338,-61.890
0.362,0.959,1.166,11.108,1.831,-49.500
0.349,0.966,1.133,3.662,-1.343,-36.621
0.341,0.973,1.101,-4.333,0.000,-22.583
0.345,0.997,1.059,-12.268,2.747,-6.958
0.346,1.012,1.017,-17.517,4.822,10.925
0.329,0.977,0.997,-19.958,5.066,31.860
0.265,0.924,0.964,-19.592,2.808,52.734
0.188,0.825,0.951,-18.372,0.610,73.730
0.109,0.719,0.956,-18.127,0.549,93.933
0.022,0.601,0.965,-18.127,4.211,111.633
-0.055,0.472,0.986,-19.592,11.230,125.488
-0.106,0.357,1.012,-23.560,19.592,134.888
-0.122,0.276,1.046,-27.405,28.259,139.221
-0.109,0.223,1.076,-30.029,34.119,138.733
-0.086,0.164,1.094,-31.250,34.729,135.742
-0.079,0.064,1.093,-30.945,31.494,131.470
-0.090,-0.035,1.092,-31.067,27.466,128.296
-0.117,-0.110,1.091,-32.410,26.184,127.197
-0.147,-0.158,1.087,-34.851,27.832,126.648
-0.166,-0.202,1.078,-37.048,30.701,124.939
-0.179,-0.261,1.054,-38.025,32.837,122.192
-0.194,-0.341,1.042,-38.574,33.813,118.774
-0.208,-0.424,1.021,-39.551,34.668,113.831
-0.214,-0.508,1.008,-41.565,36.682,106.995
-0.220,-0.558,1.001,-41.504,39.063,97.961
-0.238,-0.559,0.995,-38.269,38.757,87.097
-0.255,-0.559,0.986,-31.250,33.630,73.364
-0.267,-0.579,0.987,-22.217,25.085,57.739
-0.265,-0.579,0.956,-13.184,14.404,41.809

0.784,0.531,1.536,14.709,31.311,-122.681
0.872,0.636,1.562,5.981,22.461,-119.446
0.973,0.719,1.557,-5.066,14.954,-113.953
1.060,0.797,1.521,-14.832,7.690,-104.675
1.091,0.870,1.485,-20.508,-0.427,-90.820
1.061,0.928,1.438,-23.437,-10.010,-73.120
0.991,0.961,1.378,-24.902,-20.874,-52.917
0.887,0.971,1.309,-25.818,-31.799,-32.288
0.755,0.970,1.230,-26.123,-41.687,-12.329
0.618,0.966,1.157,-27.588,-49.683,5.493
0.511,0.956,1.086,-29.785,-53.833,21.240
0.443,0.943,1.017,-32.288,-54.993,35.706
0.398,0.926,0.958,-33.447,-53.894,49.866
0.351,0.895,0.904,-33.020,-52.490,64.453
0.306,0.856,0.843,-30.640,-51.147,78.247
0.238,0.790,0.806,-25.269,-49.500,90.698
0.168,0.718,0.800,-18.799,-45.349,101.257
0.105,0.641,0.818,-13.550,-38.086,109.924
0.064,0.585,0.850,-10.925,-28.198,116.272
0.048,0.539,0.894,-10.254,-16.846,120.850
0.072,0.498,0.942,-10.193,-6.226,122.986
0.137,0.450,0.994,-12.024,2.380,123.657
0.220,0.415,1.036,-14.160,9.705,123.718
0.285,0.385,1.073,-15.808,14.221,124.634
0.318,0.364,1.103,-16.602,15.015,126.221
0.334,0.344,1.119,-16.052,12.756,127.563
0.322,0.308,1.119,-14.343,6.897,129.272
0.291,0.250,1.101,-12.756,0.427,132.629
0.238,0.198,1.065,-12.512,-4.761,135.376
0.226,0.141,1.015,-12.329,-8.789,136.353
0.219,0.055,0.968,-12.390,-12.573,135.864
0.206,-0.048,0.930,-11.841,-13.489,135.986
0.166,-0.129,0.904,-11.169,-11.108,136.597
0.134,-0.195,0.881,-9.216,-8.118,135.315
0.115,-0.256,0.862,-5.493,-8.240,132.080
0.100,-0.326,0.833,-0.061,-11.658,128.296
0.070,-0.402,0.809,6.531,-15.625,125.183
0.019,-0.488,0.784,13.611,-17.944,122.681
-0.034,-0.614,0.761,19.836,-18.555,120.605
-0.061,-0.779,0.759,24.048,-15.564,118.713
-0.099,-0.922,0.791,24.597,-6.714,116.882
-0.145,-1.023,0.847,22.156,5.676,113.586
-0.182,-1.088,0.905,17.273,17.883,106.934
-0.202,-1.110,0.964,12.146,25.940,96.130
-0.217,-1.107,1.003,9.155,27.954,82.520
-0.240,-1.096,1.021,8.118,23.560,67.749
-0.272,-1.096,1.019,7.019,15.320,52.612
-0.307,-1.107,0.990,5.371,6.287,38.269
-0.351,-1.115,0.939,3.113,-1.404,23.743
-0.387,-1.111,0.876,0.183,-7.690,8.911
-0.426,-1.099,0.813,-2.441,-13.000,-5.737
-0.448,-1.041,0.763,-4.333,-15.503,-22.034
-0.447,-0.954,0.729,-5.249,-14.893,-39.734
-0.438,-0.880,0.701,-4.333,-12.695,-56.946
-0.413,-0.836,0.689,-2.869,-9.094,-72.571
-0.362,-0.788,0.686,-2.014,-2.686,-86.121
-0.294,-0.730,0.690,-1.831,5.188,-97.412
-0.212,-0.682,0.692,-1.404,13.733,-105.896
-0.126,-0.646,0.707,-0.793,22.156,-112.000
-0.039,-0.589,0.740,-0.244,30.579,-116.455
0.024,-0.510,0.788,0.977,38.269,-119.934
0.074,-0.421,0.859,3.296,44.006,-123.108
0.125,-0.338,0.929,5.920,46.692,-125.793
0.164,-0.255,0.983,7.019,46.692,-127.502
0.201,-0.186,1.013,6.409,46.143,-128.357
0.242,-0.157,1.030,5.188,45.593,-127.991
0.295,-0.132,1.033,3.418,44.922,-128.113
0.342,-0.098,1.035,1.587,43.274,-128.723
0.352,-0.069,1.030,1.404,39.185,-128.845
0.292,-0.023,1.050,2.625,33.386,-128.967
0.222,0.067,1.095,4.822,31.006,-130.493
0.221,0.143,1.145,7.141,33.020,-134.521
0.275,0.198,1.210,9.094,37.170,-140.503
0.370,0.262,1.269,8.362,40.527,-144.653
0.478,0.318,1.308,5.127,39.001,-143.127
0.554,0.407,1.329,0.916,32.349,-135.803
0.587,0.480,1.317,-1.953,20.508,-125.610
0.559,0.524,1.278,-3.357,5.310,-113.281
0.514,0.566,1.226,-6.287,-7.141,-99.609
0.449,0.654,1.180,-10.315,-15.930,-85.205
0.361,0.759,1.146,-12.817,-21.057,-71.960
0.303,0.818,1.124,-13.184,-22.949,-62.988
0.306,0.841,1.102,-14.221,-22.644,-59.204
0.341,0.875,1.073,-18.433,-21.851,-56.580
0.381,0.932,1.021,-23.376,-21.912,-52.612
0.402,0.995,0.963,-25.635,-24.597,-45.654
0.405,1.042,0.908,-24.292,-29.419,-36.926
0.389,1.078,0.870,-20.996,-34.729,-26.367
0.356,1.102,0.846,-17.822,-38.269,-13.611
0.321,1.110,0.828,-16.113,-38.940,0.427
0.302,1.099,0.804,-16.418,-35.278,15.259
0.310,1.070,0.781,-17.334,-28.076,29.663
0.339,1.030,0.762,-16.907,-18.555,42.908
0.376,0.990,0.767,-14.587,-7.568,55.603
0.417,0.947,0.797,-10.742,2.258,68.298
0.457,0.898,0.830,-7.080,9.766,81.177
0.485,0.846,0.857,-4.028,14.282,94.727
0.481,0.799,0.873,-1.831,15.625,108.459
0.449,0.745,0.878,0.671,15.564,121.216
0.415,0.662,0.893,2.808,16.724,131.958
0.380,0.558,0.910,3.967,19.775,141.357
0.339,0.465,0.943,3.723,25.513,150.269
0.314,0.349,0.976,3.540,31.616,158.875
0.291,0.226,1.011,2.930,36.377,165.649
0.263,0.095,1.036,2.930,38.513,168.884
0.216,-0.010,1.072,3.357,37.170,169.373
0.161,-0.108,1.099,5.371,32.288,167.175
0.105,-0.202,1.116,7.874,26.123,161.560
0.070,-0.286,1.114,9.277,19.348,153.137
0.044,-0.359,1.101,9.949,13.428,142.700
0.032,-0.432,1.089,10.193,8.545,131.287
0.036,-0.490,1.071,10.437,5.066,120.422
0.052,-0.533,1.061,10.803,1.831,110.107
0.071,-0.579,1.055,12.451,-0.916,101.074
0.085,-0.628,1.063,14.526,-3.113,94.604
0.090,-0.688,1.083,16.785,-4.211,91.003
0.071,-0.762,1.109,17.334,-3.723,90.332
0.047,-0.844,1.132,15.564,-2.502,90.637
0.021,-0.915,1.142,12.024,-2.014,89.783

0.539,1.047,1.182,-22.827,4.456,-116.943
0.567,1.150,1.178,-23.315,-1.404,-102.600
0.588,1.236,1.154,-23.376,-8.850,-84.290
0.593,1.289,1.115,-23.010,-17.151,-62.500
0.570,1.316,1.066,-21.606,-25.085,-37.659
0.522,1.309,1.015,-19.653,-30.884,-10.620
0.466,1.267,0.965,-17.090,-33.997,16.357
0.400,1.196,0.924,-14.648,-33.569,43.945
0.327,1.106,0.896,-12.817,-30.029,70.129
0.262,1.004,0.881,-11.963,-23.621,92.773
0.214,0.888,0.867,-11.414,-14.771,111.084
0.196,0.758,0.850,-11.414,-4.761,124.939
0.178,0.626,0.843,-11.719,4.517,135.742
0.167,0.511,0.854,-12.207,13.794,143.494
0.154,0.408,0.890,-11.963,23.132,148.071
0.141,0.333,0.938,-10.498,30.518,149.719
0.134,0.274,0.994,-8.423,34.363,148.376
0.129,0.203,1.041,-5.859,35.095,145.935
0.121,0.124,1.082,-4.333,34.058,143.921
0.096,0.042,1.102,-4.272,31.006,142.944
0.072,-0.035,1.090,-6.042,26.245,141.724
0.036,-0.118,1.052,-8.789,20.630,139.832
-0.014,-0.212,0.991,-11.780,15.442,137.024
-0.047,-0.299,0.929,-13.733,12.085,131.104
-0.069,-0.372,0.888,-12.939,11.414,122.498
-0.088,-0.439,0.864,-9.338,12.939,112.793
-0.089,-0.512,0.868,-4.211,16.418,102.234
-0.075,-0.596,0.907,0.854,22.095,91.858
-0.062,-0.666,0.963,4.089,29.663,84.229
-0.059,-0.730,1.015,4.700,36.438,80.200
-0.057,-0.791,1.049,2.930,41.382,78.613
-0.047,-0.850,1.063,-0.488,43.396,77.393
-0.051,-0.894,1.062,-3.906,42.053,74.341
-0.062,-0.939,1.041,-5.920,37.109,67.871
-0.096,-0.982,1.010,-6.775,29.785,57.556
-0.140,-0.999,0.981,-6.836,21.606,42.358
-0.166,-0.995,0.949,-4.822,14.282,22.949
-0.190,-0.982,0.923,-0.671,6.531,2.258
-0.218,-0.952,0.896,3.906,-0.977,-16.785
-0.239,-0.904,0.863,6.409,-6.104,-33.752
-0.253,-0.853,0.836,8.118,-8.484,-47.913
-0.255,-0.796,0.815,9.338,-7.935,-60.242
-0.242,-0.740,0.797,9.155,-5.371,-71.594
-0.212,-0.679,0.784,8.118,-1.343,-81.848
-0.160,-0.629,0.780,7.324,4.517,-91.003
-0.093,-0.573,0.799,6.897,12.207,-98.694
-0.029,-0.504,0.835,6.592,19.836,-105.164
0.051,-0.438,0.873,5.615,27.283,-110.596
0.132,-0.378,0.916,4.333,33.630,-114.563
0.200,-0.310,0.960,3.418,38.940,-117.737
0.262,-0.238,0.997,2.502,41.504,-120.178
0.305,-0.162,1.030,2.625,40.466,-122.192
0.341,-0.093,1.058,3.906,36.133,-124.268
0.350,-0.023,1.082,5.310,29.724,-126.038
0.315,0.070,1.110,6.226,23.254,-126.648
0.279,0.173,1.140,5.615,18.188,-127.869
0.280,0.276,1.158,3.479,15.015,-130.066
0.312,0.361,1.170,1.099,13.123,-132.568
0.375,0.429,1.171,-1.343,11.536,-133.850
0.444,0.494,1.156,-4.211,8.911,-132.263
0.471,0.573,1.128,-7.019,5.127,-128.052
0.483,0.653,1.107,-8.240,1.465,-121.460
0.453,0.739,1.097,-8.423,-0.549,-113.098
0.421,0.817,1.095,-8.240,-0.854,-104.248
0.402,0.897,1.107,-9.277,-0.061,-94.727
0.396,0.971,1.126,-11.475,1.038,-85.388
0.416,1.032,1.130,-14.648,1.526,-75.500
0.450,1.085,1.113,-17.944,-0.061,-65.063
0.499,1.119,1.085,-21.545,-4.395,-53.101
0.523,1.161,1.036,-25.391,-11.902,-38.879
0.526,1.175,0.975,-26.184,-20.508,-22.827
0.512,1.160,0.908,-24.170,-29.480,-5.676
0.487,1.132,0.851,-21.729,-36.133,12.390
0.450,1.097,0.810,-18.616,-38.147,31.677
0.410,1.046,0.787,-14.648,-34.363,50.476
0.375,0.990,0.779,-11.169,-26.367,68.604
0.371,0.922,0.788,-8.484,-14.587,85.449
0.370,0.843,0.816,-5.920,-2.747,99.976
0.370,0.766,0.855,-3.540,8.301,112.793
0.380,0.707,0.890,-2.930,16.663,122.681
0.401,0.654,0.909,-2.625,21.362,130.920
0.411,0.593,0.919,-1.038,21.912,137.817
0.393,0.512,0.919,1.343,20.142,144.714
0.353,0.414,0.918,4.211,18.005,151.367
0.283,0.317,0.919,6.653,17.578,156.433
0.234,0.185,0.924,8.179,18.799,158.813
0.197,0.044,0.931,8.850,20.203,158.020
0.171,-0.060,0.943,9.521,22.461,153.870
0.158,-0.128,0.973,10.681,24.902,146.301
0.149,-0.173,1.001,13.489,25.635,137.024
0.137,-0.227,1.017,16.907,22.827,127.380
0.123,-0.296,1.021,20.142,17.395,118.835
0.110,-0.389,1.013,22.644,11.353,111.938
0.094,-0.485,1.011,23.987,7.446,107.422
0.073,-0.581,1.017,23.682,7.446,105.286
0.059,-0.685,1.030,20.996,10.437,104.248
0.044,-0.777,1.058,16.602,16.296,101.257
0.033,-0.835,1.093,10.803,22.827,95.520
0.023,-0.863,1.128,5.676,27.100,87.036
0.018,-0.886,1.153,2.197,26.917,76.965
0.005,-0.910,1.163,-0.183,22.888,66.223
-0.013,-0.946,1.150,-2.502,16.113,55.420
-0.041,-0.971,1.112,-6.531,8.484,44.128
-0.068,-0.969,1.055,-10.498,0.977,31.799
-0.108,-0.943,0.990,-12.451,-7.507,18.005
-0.153,-0.902,0.920,-12.207,-16.724,3.357
-0.194,-0.868,0.853,-10.376,-24.963,-11.108
-0.225,-0.847,0.798,-8.057,-30.151,-26.184
-0.238,-0.806,0.751,-5.859,-31.555,-40.710
-0.234,-0.749,0.718,-4.456,-29.053,-54.382
-0.208,-0.693,0.698,-3.235,-23.376,-66.895
-0.173,-0.650,0.696,-1.892,-15.076,-77.576
-0.130,-0.599,0.719,-0.183,-4.272,-86.365
-0.096,-0.517,0.769,1.099,6.775,-93.933
-0.046,-0.428,0.827,1.953,17.029,-101.563
0.024,-0.359,0.873,2.563,24.292,-108.826
0.104,-0.291,0.913,2.563,28.076,-115.112
0.191,-0.223,0.930,2.441,29.053,-120.483
0.258,-0.166,0.937,3.845,26.428,-124.390

-0.355,-1.000,1.338,-58.472,131.104,-35.156
-0.344,-1.018,1.345,-59.998,125.061,-33.875
-0.374,-1.034,1.345,-60.608,112.366,-34.973
-0.406,-1.058,1.290,-55.786,93.018,-40.466
-0.393,-1.036,1.212,-45.410,73.669,-53.101
-0.377,-0.983,1.142,-33.447,55.359,-67.139
-0.392,-0.949,1.064,-21.484,36.438,-77.759
-0.391,-0.935,0.994,-9.399,21.851,-86.792
-0.378,-0.931,0.924,0.366,12.756,-95.520
-0.338,-0.873,0.873,5.920,9.583,-104.126
-0.276,-0.768,0.832,9.155,9.827,-110.779
-0.231,-0.633,0.841,12.390,12.817,-113.953
-0.190,-0.534,0.879,16.602,19.531,-115.112
-0.147,-0.484,0.903,19.592,25.208,-116.516
-0.099,-0.439,0.906,18.494,27.710,-120.422
-0.062,-0.370,0.900,14.282,26.672,-127.136
0.002,-0.281,0.872,11.780,22.522,-135.742
0.013,-0.140,0.871,13.855,17.883,-144.409
0.008,-0.002,0.878,21.057,14.282,-151.917
-0.006,0.123,0.894,29.236,11.597,-156.860
-0.015,0.281,0.937,34.424,11.292,-160.828
0.009,0.478,0.992,37.048,13.672,-164.001
0.088,0.674,1.051,37.231,17.639,-166.626
0.221,0.828,1.110,35.522,20.935,-167.725
0.379,0.921,1.147,31.006,20.813,-163.940
0.505,0.993,1.150,23.132,17.151,-154.785
0.599,1.060,1.112,13.672,13.489,-140.381
0.651,1.142,1.058,4.395,11.963,-124.084
0.656,1.223,1.015,-0.427,11.353,-106.750
0.650,1.289,0.998,0.671,10.071,-89.233
0.682,1.328,1.001,5.066,8.850,-71.289
0.724,1.342,1.020,8.911,7.141,-51.758
0.777,1.333,1.037,10.193,4.822,-29.846
0.735,1.299,0.998,7.568,-0.244,-8.179
0.764,1.257,1.021,2.808,-6.165,16.235
0.706,1.176,0.980,-1.770,-10.742,43.945
0.604,1.033,0.918,-5.005,-11.230,71.228
0.505,0.885,0.882,-8.301,-7.629,93.994
0.412,0.750,0.862,-10.437,-1.282,111.633
0.311,0.612,0.872,-10.315,5.859,124.512
0.229,0.478,0.911,-8.789,14.832,134.827
0.167,0.355,0.952,-7.507,23.315,143.433
0.099,0.249,1.003,-6.226,29.968,150.879
0.022,0.132,1.067,-5.005,34.607,157.471
-0.054,0.001,1.103,-4.639,37.415,161.438
-0.098,-0.134,1.131,-5.920,39.551,159.363
-0.119,-0.237,1.157,-8.362,39.185,150.940
-0.146,-0.293,1.172,-10.376,34.790,138.916
-0.165,-0.346,1.180,-11.414,27.283,127.014
-0.190,-0.406,1.188,-11.353,18.433,117.676
-0.227,-0.465,1.191,-11.536,9.827,110.168
-0.255,-0.505,1.177,-14.282,3.052,103.455
-0.278,-0.522,1.148,-19.226,-2.625,96.802
-0.308,-0.533,1.100,-23.376,-8.789,90.820
-0.354,-0.597,1.056,-25.574,-13.794,85.632
-0.390,-0.703,1.019,-28.076,-15.930,80.139
-0.412,-0.788,0.985,-32.837,-13.672,71.716
-0.414,-0.820,0.956,-37.781,-7.629,59.387
-0.392,-0.818,0.918,-39.001,-2.258,43.884
-0.357,-0.788,0.896,-33.875,0.244,25.879
-0.323,-0.745,0.870,-24.353,0.122,8.118
-0.295,-0.714,0.851,-15.015,-1.282,-6.531
-0.268,-0.674,0.834,-8.240,-3.174,-18.921
-0.241,-0.619,0.829,-3.967,-3.845,-29.541
-0.220,-0.582,0.809,-1.892,-4.944,-37.842
-0.214,-0.549,0.790,-1.709,-7.385,-43.823
-0.203,-0.520,0.763,-2.014,-9.705,-49.622
-0.185,-0.497,0.737,-1.404,-10.620,-55.908
-0.154,-0.467,0.717,-1.221,-9.216,-62.317
-0.123,-0.407,0.689,0.061,-5.920,-68.665
-0.100,-0.339,0.687,3.723,-1.587,-75.073
-0.074,-0.279,0.711,9.705,3.784,-81.787
-0.049,-0.210,0.759,17.212,10.498,-88.623
-0.020,-0.116,0.824,23.560,16.846,-96.130
0.029,-0.037,0.889,28.076,21.362,-102.600
0.092,0.028,0.929,30.945,22.888,-106.995
0.143,0.070,0.953,31.982,21.729,-108.643
0.163,0.116,0.967,31.860,19.714,-107.910
0.151,0.192,0.980,31.006,18.860,-106.323
0.129,0.303,0.999,28.931,19.958,-105.896
0.125,0.426,1.036,27.283,22.034,-106.689
0.143,0.552,1.086,27.527,24.231,-108.521
0.180,0.674,1.142,28.992,25.391,-109.253
0.245,0.775,1.203,30.029,25.391,-108.398
0.322,0.845,1.250,29.785,24.963,-105.835
0.408,0.900,1.273,27.344,22.522,-100.098
0.464,0.953,1.280,21.912,17.761,-89.661
0.510,0.970,1.279,14.893,12.634,-74.890
0.503,1.024,1.243,6.836,7.263,-59.875
0.519,1.061,1.242,-0.122,3.845,-42.969
0.526,1.086,1.223,-5.066,0.732,-25.269
0.524,1.083,1.191,-7.385,-2.869,-9.338
0.518,1.052,1.156,-7.751,-7.263,5.066
0.497,1.005,1.115,-6.592,-12.390,19.775
0.451,0.953,1.064,-5.127,-17.883,34.973
0.388,0.886,1.013,-4.456,-22.400,49.988
0.318,0.799,0.973,-4.456,-24.109,65.186
0.250,0.712,0.946,-5.371,-22.705,78.796
0.186,0.628,0.934,-5.737,-18.738,90.393
0.131,0.541,0.938,-5.737,-13.489,100.647
0.084,0.444,0.947,-5.554,-7.874,108.826
0.047,0.346,0.964,-5.127,-2.563,114.746
0.016,0.249,0.981,-4.578,0.244,117.981
-0.012,0.148,0.996,-4.089,0.854,118.713
-0.033,0.063,1.000,-4.639,-0.061,116.516
-0.050,-0.000,1.000,-5.249,-1.770,112.854
-0.071,-0.050,1.001,-4.456,-4.639,108.032
-0.087,-0.094,1.001,-2.441,-8.240,102.356
-0.106,-0.134,1.000,-0.244,-12.329,96.863
-0.129,-0.178,0.991,0.671,-16.235,92.529
-0.159,-0.232,0.973,-0.061,-18.188,90.149
-0.188,-0.299,0.951,-1.953,-17.517,88.562
-0.202,-0.375,0.940,-4.578,-13.916,86.304
-0.212,-0.447,0.938,-7.080,-8.789,83.374
-0.226,-0.505,0.943,-8.606,-3.601,78.979
-0.228,-0.567,0.954,-9.338,1.160,73.425
-0.216,-0.616,0.966,-10.132,6.226,66.528
-0.203,-0.634,0.975,-10.620,10.925,58.655
-0.198,-0.639,0.985,-10.925,13.794,50.171

0.464,1.022,1.172,-2.319,-13.855,-34.912
0.520,1.079,1.156,-1.648,-22.644,-13.428
0.544,1.110,1.130,1.953,-32.043,11.963
0.510,1.112,1.104,7.263,-41.931,42.419
0.462,1.086,1.069,12.756,-50.781,75.012
0.416,1.025,1.034,16.785,-55.298,106.628
0.379,0.947,1.021,17.578,-57.129,138.611
0.336,0.855,1.015,16.663,-58.716,171.387
0.296,0.743,1.003,15.137,-59.143,203.918
0.260,0.622,0.994,12.451,-58.533,232.727
0.224,0.509,0.989,9.949,-59.082,256.287
0.212,0.396,0.970,8.362,-60.242,276.733
0.158,0.305,0.927,8.850,-62.195,296.570
0.065,0.220,0.917,13.306,-65.369,313.721
0.035,0.106,0.900,19.714,-67.322,326.050
-0.013,-0.015,0.874,25.330,-69.031,337.280
-0.061,-0.148,0.877,32.227,-68.481,344.910
-0.080,-0.267,0.859,38.818,-66.345,347.717
-0.082,-0.369,0.859,43.213,-65.552,347.656
-0.066,-0.453,0.822,44.800,-66.711,345.520
-0.045,-0.533,0.798,45.410,-67.261,341.675
-0.005,-0.603,0.786,45.959,-65.247,335.754
0.013,-0.688,0.796,45.593,-59.387,327.942
0.025,-0.781,0.809,42.908,-51.636,318.298
0.001,-0.903,0.841,38.635,-44.067,305.847
-0.032,-0.978,0.859,31.738,-36.682,286.438
-0.036,-0.992,0.865,25.208,-31.494,259.888
-0.018,-0.917,0.862,24.841,-29.846,230.042
0.002,-0.859,0.823,30.273,-30.762,198.975
0.047,-0.805,0.795,38.330,-29.358,168.579
0.104,-0.743,0.782,46.265,-25.757,142.151
0.175,-0.684,0.786,51.025,-24.292,123.047
0.257,-0.655,0.803,51.758,-23.682,110.413
0.335,-0.634,0.794,50.537,-21.179,103.821
0.393,-0.587,0.793,46.875,-17.334,101.929
0.450,-0.574,0.788,41.565,-17.395,103.149
0.491,-0.571,0.787,39.490,-25.024,110.657
0.471,-0.597,0.769,43.335,-31.311,121.033
0.435,-0.646,0.745,47.363,-32.715,129.272
0.405,-0.690,0.734,46.448,-26.978,131.531
0.357,-0.696,0.694,41.260,-18.066,129.456
0.266,-0.663,0.681,34.729,-8.362,125.549
0.214,-0.635,0.670,33.081,0.793,119.080
0.169,-0.622,0.663,37.903,7.874,109.253
0.162,-0.639,0.665,47.424,11.780,98.389
0.144,-0.636,0.672,59.448,13.062,88.135
0.083,-0.657,0.693,69.092,14.343,79.102
0.035,-0.701,0.720,73.547,19.043,69.275
-0.015,-0.731,0.766,71.899,26.733,59.448
-0.061,-0.717,0.791,65.735,34.241,50.354
-0.108,-0.720,0.965,57.434,38.330,41.382
-0.188,-0.725,0.898,47.974,35.095,33.142
-0.289,-0.743,0.888,41.748,38.574,23.315
-0.366,-0.714,0.974,33.691,47.119,8.179
-0.489,-0.699,0.966,26.306,56.763,-4.639
-0.568,-0.639,0.986,19.470,68.176,-18.799
-0.641,-0.567,1.070,14.587,75.256,-34.973
-0.657,-0.490,1.056,13.000,76.904,-47.852
-0.728,-0.367,1.120,11.780,77.881,-59.753
-0.720,-0.270,1.139,9.521,76.965,-68.787
-0.729,-0.149,1.237,8.362,70.923,-72.144
-0.682,-0.080,1.297,7.690,60.425,-69.458
-0.683,-0.004,1.353,3.174,49.927,-65.247
-0.651,0.077,1.393,-4.333,37.476,-59.448
-0.648,0.176,1.411,-10.620,19.714,-51.392
-0.617,0.254,1.398,-14.832,-3.052,-39.917
-0.580,0.293,1.335,-15.991,-24.902,-26.001
-0.547,0.312,1.235,-15.015,-40.771,-10.132
-0.532,0.296,1.128,-14.221,-49.744,7.385
-0.520,0.257,1.010,-13.794,-53.101,26.245
-0.521,0.197,0.901,-12.268,-52.307,45.288
-0.524,0.102,0.819,-8.728,-48.767,61.707
-0.526,-0.009,0.762,-2.991,-44.617,73.547
-0.484,-0.161,0.706,3.235,-41.443,80.017
-0.460,-0.255,0.735,7.874,-41.016,80.383
-0.389,-0.373,0.746,11.902,-41.504,80.688
-0.327,-0.484,0.736,13.855,-36.682,76.599
-0.246,-0.559,0.790,13.062,-28.564,68.359
-0.144,-0.632,0.829,10.742,-25.452,61.523
-0.043,-0.675,0.866,7.996,-26.062,58.105
0.020,-0.722,0.885,3.906,-26.367,55.237
0.077,-0.740,0.904,-1.282,-24.048,51.636
0.153,-0.738,0.922,-6.042,-21.362,47.913
0.236,-0.718,0.924,-8.850,-20.081,44.678
0.297,-0.695,0.921,-9.766,-21.179,41.870
0.356,-0.686,0.906,-9.216,-24.231,39.551
0.417,-0.687,0.878,-8.301,-25.757,36.926
0.446,-0.696,0.826,-8.484,-25.146,35.034
0.482,-0.691,0.788,-8.362,-19.165,33.936
0.518,-0.695,0.754,-6.958,-10.193,32.593
0.541,-0.706,0.735,-4.517,-4.089,31.067
0.572,-0.782,0.619,-1.099,-0.732,29.541
0.551,-0.731,0.722,1.343,-6.470,27.466
0.541,-0.756,0.698,4.761,-20.569,27.161
0.504,-0.776,0.679,5.493,-15.320,20.813
0.507,-0.752,0.678,1.770,-2.625,13.062
0.512,-0.713,0.662,-2.075,3.662,8.179
0.498,-0.677,0.654,-2.319,6.226,3.845
0.473,-0.664,0.648,0.488,9.949,-1.709
0.438,-0.644,0.653,3.357,15.259,-6.958
0.389,-0.631,0.672,5.554,20.508,-11.230
0.327,-0.611,0.706,6.531,26.245,-14.832
0.270,-0.588,0.743,6.348,31.677,-19.287
0.210,-0.565,0.779,5.432,35.767,-24.353
0.148,-0.532,0.812,4.028,38.635,-29.724
0.092,-0.504,0.841,2.197,40.283,-34.912
0.049,-0.462,0.865,-0.488,40.527,-39.551
-0.007,-0.413,0.897,-2.197,41.382,-42.969
-0.068,-0.381,0.934,-3.662,40.955,-43.701
-0.148,-0.355,0.984,-4.517,38.269,-40.955
-0.251,-0.339,1.029,-3.418,33.813,-35.400
-0.352,-0.340,1.075,-2.441,28.259,-29.724
-0.427,-0.338,1.134,-2.319,23.193,-25.635
-0.477,-0.357,1.136,-3.052,18.982,-22.949
-0.543,-0.286,1.117,-3.601,15.686,-20.447
-0.607,-0.275,1.081,-4.028,18.250,-19.653
-0.659,-0.265,1.080,-5.188,17.883,-18.005
-0.704,-0.269,1.089,-3.784,10.681,-13.062
-0.746,-0.277,1.096,-0.671,1.709,-8.484

-0.992,0.446,1.136,-16.907,3.662,-74.341
-0.973,0.496,1.135,-12.939,1.099,-67.566
-0.944,0.535,1.126,-10.437,-1.038,-57.678
-0.903,0.554,1.102,-8.179,-4.150,-45.105
-0.850,0.559,1.082,-6.958,-8.118,-30.579
-0.793,0.562,1.051,-7.141,-12.756,-14.404
-0.753,0.547,1.005,-6.897,-18.188,3.113
-0.710,0.506,0.963,-7.935,-22.705,21.606
-0.663,0.457,0.913,-8.911,-25.269,40.161
-0.623,0.390,0.877,-8.057,-26.001,57.556
-0.589,0.305,0.853,-4.395,-25.879,73.059
-0.559,0.207,0.846,2.136,-25.330,86.121
-0.525,0.084,0.868,10.071,-23.743,96.069
-0.493,-0.036,0.901,17.273,-21.057,102.661
-0.451,-0.151,0.942,21.851,-17.639,106.201
-0.402,-0.256,0.984,23.193,-13.794,106.262
-0.350,-0.341,1.019,22.583,-10.498,102.539
-0.280,-0.411,1.054,21.362,-8.789,95.703
-0.201,-0.466,1.082,19.653,-7.996,87.036
-0.117,-0.503,1.107,17.029,-7.751,77.881
-0.041,-0.535,1.122,13.428,-8.362,69.763
0.013,-0.558,1.126,9.216,-10.498,62.744
0.053,-0.574,1.109,4.517,-13.550,56.030
0.081,-0.592,1.086,-0.122,-16.785,48.340
0.110,-0.603,1.056,-3.418,-19.653,38.513
0.137,-0.609,1.022,-5.005,-22.217,25.879
0.152,-0.623,1.000,-5.188,-23.804,11.780
0.143,-0.644,0.991,-3.357,-24.170,-3.906
0.107,-0.680,0.986,0.488,-25.513,-22.827
0.068,-0.722,0.955,5.615,-26.672,-48.035
0.048,-0.748,0.917,9.766,-26.428,-78.369
0.021,-0.748,0.866,13.306,-25.391,-111.389
0.067,-0.706,0.822,20.569,-23.621,-146.851
0.163,-0.672,0.803,31.799,-20.264,-181.885
0.263,-0.640,0.782,42.480,-14.709,-210.999
0.423,-0.632,0.767,48.218,-9.766,-231.567
0.521,-0.576,0.803,41.931,-5.432,-238.892
0.559,-0.486,0.831,24.963,-2.808,-229.248
0.535,-0.381,0.838,6.958,-1.465,-208.130
0.471,-0.303,0.823,-10.986,1.587,-180.908
0.393,-0.252,0.817,-27.710,6.042,-151.733
0.313,-0.213,0.803,-38.513,10.010,-126.160
0.229,-0.191,0.790,-43.640,13.062,-105.530
0.130,-0.169,0.773,-44.739,14.526,-90.759
0.024,-0.132,0.760,-41.809,14.771,-83.496
-0.061,-0.091,0.759,-35.278,16.541,-82.581
-0.126,-0.042,0.757,-27.466,19.165,-84.778
-0.169,0.011,0.769,-20.447,22.888,-87.097
-0.208,0.055,0.787,-14.771,27.344,-87.830
-0.212,0.084,0.821,-9.338,32.104,-86.426
-0.221,0.111,0.864,-3.967,37.048,-83.496
-0.244,0.138,0.904,0.000,40.100,-79.773
-0.270,0.163,0.941,2.197,40.894,-75.195
-0.336,0.207,0.986,3.357,40.833,-69.275
-0.435,0.248,1.040,3.113,39.368,-60.486
-0.573,0.286,1.087,1.892,35.950,-51.575
-0.688,0.297,1.117,-1.282,31.860,-45.166
-0.757,0.302,1.145,-7.446,29.541,-43.152
-0.795,0.320,1.165,-14.648,28.076,-47.913
-0.804,0.344,1.173,-21.423,24.841,-58.838
-0.790,0.388,1.169,-25.818,18.738,-73.975
-0.763,0.481,1.150,-26.001,10.132,-91.797
-0.723,0.579,1.104,-19.714,1.831,-109.131
-0.680,0.652,1.083,-9.827,-5.615,-120.178
-0.669,0.653,1.066,0.610,-13.916,-121.826
-0.678,0.606,1.050,10.010,-22.888,-120.728
-0.658,0.575,1.014,17.883,-30.273,-121.765
-0.622,0.555,0.993,24.109,-35.645,-124.939
-0.587,0.552,0.970,29.480,-39.612,-125.916
-0.561,0.532,0.966,34.241,-43.823,-124.878
-0.535,0.496,0.949,38.452,-48.828,-123.474
-0.493,0.478,0.928,42.358,-54.443,-125.305
-0.463,0.435,0.915,44.739,-62.378,-130.615
-0.433,0.418,0.868,43.701,-71.228,-138.184
-0.375,0.479,0.777,38.757,-78.918,-147.278
-0.297,0.538,0.688,29.907,-81.421,-152.649
-0.229,0.579,0.615,18.127,-77.515,-149.231
-0.160,0.597,0.589,5.249,-65.552,-133.484
-0.114,0.588,0.646,-5.249,-46.082,-104.980
-0.104,0.515,0.747,-11.047,-25.024,-67.261
-0.141,0.340,0.845,-15.137,-6.531,-29.541
-0.207,0.101,0.925,-20.325,8.850,-2.075
-0.230,-0.053,0.964,-24.353,21.851,9.460
-0.245,-0.151,0.991,-24.109,27.344,8.118
-0.260,-0.209,1.005,-19.836,26.550,2.747
-0.281,-0.295,1.024,-15.076,23.621,1.099
-0.333,-0.437,1.057,-11.902,21.973,3.967
-0.380,-0.560,1.096,-10.925,23.193,6.714
-0.424,-0.677,1.134,-11.108,25.391,6.653
-0.462,-0.770,1.152,-12.451,25.269,4.883
-0.491,-0.845,1.147,-14.099,22.156,2.197
-0.524,-0.922,1.125,-17.456,16.846,-0.854
-0.573,-0.955,1.075,-22.156,11.780,-6.042
-0.594,-0.932,1.001,-24.597,7.690,-17.090
-0.579,-0.876,0.937,-22.766,5.798,-31.799
-0.547,-0.815,0.881,-17.700,4.395,-45.593
-0.519,-0.749,0.846,-10.254,2.808,-55.420
-0.496,-0.727,0.823,-2.808,1.404,-63.416
-0.482,-0.687,0.777,3.235,0.061,-73.059
-0.444,-0.633,0.745,8.972,-0.122,-84.595
-0.405,-0.569,0.722,15.503,0.244,-95.032
-0.381,-0.472,0.708,21.545,1.343,-104.492
-0.329,-0.413,0.715,27.222,4.089,-111.633
-0.314,-0.291,0.758,28.870,6.958,-116.882
-0.256,-0.144,0.774,27.222,10.803,-122.070
-0.212,0.023,0.779,23.804,14.038,-125.183
-0.160,0.158,0.782,21.301,15.381,-123.596
-0.128,0.220,0.810,20.691,15.686,-118.591
-0.111,0.293,0.820,21.790,16.602,-114.563
-0.093,0.406,0.813,24.963,18.372,-113.159
-0.121,0.520,0.815,32.959,19.531,-112.610
-0.159,0.595,0.839,44.739,20.508,-112.000
-0.171,0.659,0.900,54.688,24.170,-113.098
-0.130,0.732,0.973,58.105,30.640,-116.089
-0.057,0.832,1.018,53.955,37.476,-117.126
0.032,0.950,1.056,42.419,44.250,-112.000
0.111,1.057,1.064,29.602,48.218,-99.915
0.164,1.131,1.038,18.005,48.889,-83.862
0.202,1.154,1.027,8.362,48.218,-65.369

0.461,1.266,1.105,-13.000,20.447,-63.965
0.505,1.311,1.088,-20.386,21.423,-45.288
0.509,1.322,1.064,-22.583,20.264,-26.184
0.509,1.307,1.046,-20.996,17.639,-9.949
0.514,1.280,1.037,-17.517,12.878,4.578
0.501,1.249,1.013,-14.038,6.470,20.996
0.468,1.204,0.984,-12.024,0.366,38.696
0.412,1.115,0.945,-10.376,-4.028,57.007
0.345,0.999,0.905,-9.705,-5.310,74.646
0.267,0.871,0.882,-10.376,-2.319,89.417
0.207,0.751,0.880,-12.329,4.089,100.098
0.162,0.643,0.880,-15.686,13.489,107.666
0.143,0.555,0.915,-18.433,23.926,112.915
0.117,0.474,0.950,-19.104,30.884,115.845
0.090,0.389,0.999,-16.052,35.217,119.324
0.066,0.295,1.037,-12.817,37.354,122.742
0.023,0.199,1.063,-12.268,38.757,126.221
-0.019,0.096,1.081,-14.099,40.405,129.456
-0.068,-0.002,1.094,-16.602,40.649,130.188
-0.108,-0.081,1.095,-19.104,39.673,127.686
-0.123,-0.136,1.091,-21.912,39.063,122.437
-0.106,-0.193,1.095,-22.400,38.391,115.967
-0.080,-0.260,1.103,-18.555,37.292,108.643
-0.075,-0.315,1.120,-12.512,34.790,101.440
-0.082,-0.343,1.129,-7.996,32.776,94.482
-0.075,-0.358,1.137,-6.226,32.349,87.524
-0.067,-0.383,1.141,-6.104,31.982,80.994
-0.052,-0.409,1.142,-7.141,31.799,75.317
-0.049,-0.437,1.137,-9.155,31.738,70.618
-0.041,-0.471,1.141,-12.207,32.043,66.589
-0.031,-0.508,1.135,-14.221,31.494,62.744
-0.029,-0.533,1.125,-16.052,28.809,57.678
-0.035,-0.536,1.109,-17.517,23.499,52.124
-0.040,-0.546,1.081,-17.334,16.724,45.410
-0.051,-0.558,1.049,-15.930,9.338,38.208
-0.062,-0.570,0.997,-13.428,2.075,30.457
-0.073,-0.578,0.946,-10.864,-3.784,22.034
-0.089,-0.583,0.891,-7.629,-9.583,13.062
-0.108,-0.587,0.836,-4.639,-14.221,3.113
-0.117,-0.573,0.796,-2.014,-16.479,-7.019
-0.129,-0.542,0.764,1.221,-16.541,-17.578
-0.132,-0.503,0.738,3.662,-14.099,-27.771
-0.119,-0.452,0.727,5.127,-9.033,-37.109
-0.099,-0.388,0.731,5.981,-2.625,-45.593
-0.066,-0.330,0.748,6.714,3.723,-53.101
-0.016,-0.269,0.779,6.836,11.108,-59.265
0.049,-0.204,0.827,7.263,18.066,-64.087
0.114,-0.135,0.874,9.094,21.301,-67.017
0.152,-0.070,0.920,12.634,20.142,-69.031
0.136,-0.004,0.958,16.968,14.587,-70.190
0.093,0.066,0.959,20.508,7.629,-72.083
0.061,0.134,0.958,21.790,2.319,-76.233
0.050,0.208,0.957,21.179,-0.122,-81.970
0.053,0.296,0.962,19.531,0.061,-87.708
0.086,0.387,0.974,17.212,2.380,-92.163
0.125,0.482,1.002,15.259,5.310,-94.421
0.147,0.583,1.030,14.832,6.348,-93.628
0.155,0.674,1.053,15.259,5.188,-90.942
0.136,0.779,1.058,15.320,2.686,-86.914
0.105,0.835,1.105,15.076,-0.977,-82.947
0.125,0.918,1.084,14.099,-3.418,-79.956
0.161,0.989,1.082,12.268,-1.831,-73.975
0.203,1.041,1.073,9.094,-0.366,-66.589
0.255,1.071,1.088,4.517,0.122,-57.922
0.321,1.113,1.073,-1.160,-0.244,-46.204
0.375,1.145,1.053,-5.615,-0.244,-31.616
0.390,1.158,1.032,-7.324,-1.221,-16.113
0.390,1.145,1.006,-7.141,-4.272,-1.953
0.402,1.107,0.982,-6.409,-7.568,11.169
0.408,1.065,0.958,-5.859,-8.423,24.292
0.391,1.023,0.941,-5.371,-8.179,38.269
0.356,0.961,0.921,-5.188,-8.667,51.941
0.315,0.890,0.901,-6.042,-7.996,64.880
0.276,0.816,0.886,-7.507,-5.798,76.599
0.236,0.732,0.884,-7.568,-2.869,87.036
0.194,0.642,0.883,-6.897,-0.366,96.497
0.151,0.553,0.892,-7.019,2.075,104.126
0.121,0.465,0.900,-7.385,4.639,109.863
0.099,0.378,0.910,-7.446,7.019,113.464
0.073,0.310,0.923,-6.714,8.606,115.601
0.056,0.242,0.933,-4.761,9.155,115.906
0.030,0.170,0.941,-2.502,8.728,114.258
-0.005,0.107,0.948,-0.610,6.958,112.488
-0.028,0.047,0.953,0.916,5.005,110.107
-0.035,-0.017,0.948,2.197,3.601,107.361
-0.040,-0.083,0.939,3.906,2.502,104.614
-0.036,-0.165,0.929,5.432,2.380,101.929
-0.025,-0.255,0.934,6.165,4.944,99.182
-0.013,-0.340,0.958,5.920,9.460,95.337
-0.008,-0.407,0.985,5.066,14.954,90.759
-0.007,-0.451,1.009,3.601,19.470,85.022
-0.008,-0.478,1.033,1.648,22.400,77.454
-0.000,-0.505,1.052,1.038,23.315,68.359
0.001,-0.532,1.070,2.502,21.973,59.021
-0.001,-0.561,1.087,4.639,18.982,49.927
-0.005,-0.591,1.097,6.042,15.320,41.870
-0.013,-0.617,1.099,5.249,12.573,35.156
-0.032,-0.638,1.082,2.930,10.315,29.297
-0.042,-0.648,1.055,-0.427,7.996,23.193
-0.064,-0.641,1.015,-3.296,4.761,15.686
-0.085,-0.621,0.972,-4.578,0.732,6.287
-0.097,-0.588,0.924,-4.211,-2.747,-4.150
-0.108,-0.541,0.877,-2.380,-5.798,-15.015
-0.114,-0.495,0.839,0.000,-7.874,-25.818
-0.102,-0.450,0.815,2.258,-8.057,-36.072
-0.085,-0.395,0.795,3.540,-6.104,-44.678
-0.069,-0.334,0.784,4.211,-3.113,-52.368
-0.051,-0.274,0.778,4.883,0.305,-58.533
-0.035,-0.214,0.784,6.165,4.822,-63.782
-0.022,-0.151,0.809,7.385,10.986,-68.604
-0.011,-0.079,0.848,8.240,17.517,-72.449
-0.028,0.001,0.878,8.606,21.606,-75.378
-0.052,0.084,0.902,8.484,22.644,-78.430
-0.051,0.144,0.910,8.423,21.973,-82.520
-0.029,0.195,0.918,8.545,21.545,-88.440
0.006,0.246,0.922,8.423,21.362,-93.750
0.048,0.295,0.930,7.568,22.095,-96.436
0.091,0.341,0.943,6.592,23.804,-96.191
0.089,0.407,0.958,5.127,25.574,-93.323

0.459,0.999,1.173,-13.306,17.944,-44.983
0.481,1.037,1.147,-15.198,11.169,-34.363
0.495,1.059,1.103,-15.198,3.052,-22.949
0.484,1.066,1.055,-13.672,-4.272,-11.902
0.467,1.052,1.008,-10.803,-11.475,-0.488
0.432,1.030,0.966,-8.057,-17.334,12.451
0.370,1.005,0.924,-6.165,-22.400,25.879
0.299,0.967,0.882,-4.822,-24.963,38.391
0.247,0.918,0.846,-4.761,-23.010,48.828
0.233,0.870,0.823,-6.165,-17.090,57.068
0.247,0.821,0.820,-7.507,-10.010,64.331
0.243,0.782,0.832,-7.629,-4.333,72.144
0.226,0.717,0.858,-6.226,-0.671,81.055
0.217,0.638,0.875,-4.150,0.732,89.539
0.178,0.549,0.892,-2.441,1.343,97.656
0.141,0.462,0.908,-0.549,1.770,103.638
0.117,0.366,0.914,1.526,1.953,106.689
0.090,0.287,0.911,2.686,1.282,107.788
0.068,0.217,0.902,3.845,-0.122,106.873
0.054,0.132,0.889,6.531,-1.648,104.248
0.045,0.041,0.882,9.705,-2.747,99.731
0.031,-0.041,0.894,12.573,-2.808,94.055
0.012,-0.115,0.927,15.137,-2.197,87.891
-0.002,-0.167,0.944,15.930,-1.892,81.726
-0.009,-0.188,0.955,14.221,-2.075,75.012
-0.010,-0.231,0.943,12.817,-3.113,69.153
-0.017,-0.291,0.948,12.939,-4.883,64.270
-0.021,-0.365,0.948,14.282,-6.714,60.608
-0.036,-0.437,0.940,14.465,-7.324,56.519
-0.042,-0.515,0.954,11.841,-5.066,52.856
-0.026,-0.611,0.972,8.484,-0.793,49.072
0.008,-0.678,0.986,4.272,4.883,42.786
0.041,-0.715,1.012,-0.183,12.085,34.241
0.064,-0.738,1.050,-2.258,17.395,25.330
0.078,-0.750,1.088,-2.380,19.165,16.052
0.099,-0.742,1.106,-3.479,18.188,7.446
0.103,-0.719,1.100,-4.944,14.099,0.916
0.091,-0.700,1.061,-5.798,7.996,-3.357
0.063,-0.701,1.002,-5.371,1.587,-7.080
0.026,-0.710,0.953,-4.456,-3.174,-12.390
-0.019,-0.688,0.900,-4.211,-5.981,-20.264
-0.060,-0.632,0.865,-4.272,-6.226,-30.457
-0.078,-0.562,0.845,-4.028,-4.578,-42.236
-0.083,-0.485,0.838,-3.357,-1.709,-53.833
-0.072,-0.403,0.846,-3.174,1.709,-64.575
-0.034,-0.328,0.852,-3.845,6.531,-73.486
0.027,-0.261,0.868,-4.822,11.780,-80.322
0.076,-0.182,0.882,-5.981,16.907,-84.900
0.101,-0.091,0.911,-7.507,21.484,-88.379
0.125,-0.012,0.928,-7.935,24.780,-90.576
0.130,0.070,0.959,-7.935,27.466,-93.323
0.141,0.169,0.986,-8.301,28.931,-97.412
0.186,0.254,1.013,-8.545,29.602,-102.173
0.255,0.326,1.036,-9.583,30.640,-105.530
0.320,0.402,1.046,-12.024,30.457,-105.530
0.368,0.484,1.036,-14.038,27.893,-102.844
0.380,0.552,1.018,-13.916,22.888,-97.839
0.396,0.576,1.062,-11.963,17.090,-91.858
0.300,0.677,0.993,-9.827,10.376,-87.708
0.256,0.768,1.025,-8.362,5.798,-82.886
0.227,0.864,1.024,-8.118,4.150,-76.965
0.219,0.926,1.017,-8.728,2.319,-72.937
0.254,0.967,1.017,-10.254,1.221,-69.763
0.279,1.022,1.024,-12.207,1.282,-64.087
0.296,1.088,1.017,-14.709,2.380,-56.335
0.320,1.152,1.005,-17.029,4.639,-47.668
0.348,1.198,0.990,-17.700,5.798,-36.316
0.363,1.221,0.962,-16.846,3.662,-22.949
0.380,1.215,0.925,-14.954,0.000,-8.545
0.376,1.190,0.888,-12.329,-3.845,6.165
0.351,1.150,0.852,-9.827,-6.714,21.484
0.290,1.080,0.822,-7.446,-8.484,34.973
0.271,1.016,0.810,-5.859,-8.545,45.654
0.246,0.967,0.797,-4.089,-5.249,54.016
0.236,0.896,0.796,-1.465,-0.977,59.998
0.243,0.826,0.816,-0.244,2.380,65.979
0.230,0.756,0.833,0.427,5.188,72.815
0.236,0.674,0.862,1.526,9.216,79.102
0.221,0.586,0.898,2.930,13.367,85.144
0.208,0.491,0.929,3.845,15.564,91.553
0.194,0.384,0.953,4.028,16.235,97.046
0.165,0.270,0.966,3.540,16.418,101.624
0.127,0.149,0.973,2.808,16.663,104.797
0.096,0.036,0.971,2.075,16.724,104.797
0.097,-0.042,0.978,1.587,17.151,99.670
0.104,-0.088,0.998,2.441,17.334,92.163
0.102,-0.116,1.012,3.540,15.808,84.595
0.105,-0.145,1.002,3.479,12.146,77.087
0.116,-0.176,0.984,2.380,7.874,69.824
0.113,-0.201,0.957,2.441,3.906,63.232
0.103,-0.236,0.935,3.540,0.977,57.373
0.117,-0.286,0.933,4.639,0.000,52.124
0.130,-0.336,0.940,5.432,0.916,48.523
0.147,-0.371,0.955,4.944,3.479,46.631
0.159,-0.406,0.964,4.333,5.798,45.898
0.151,-0.454,0.974,4.456,6.836,45.898
0.125,-0.514,0.970,5.066,6.958,45.410
0.093,-0.567,0.963,5.615,7.263,42.480
0.062,-0.614,0.956,6.592,6.653,36.072
0.036,-0.650,0.941,8.179,5.188,27.283
-0.003,-0.672,0.928,11.292,2.808,17.822
-0.042,-0.686,0.908,14.709,0.183,8.423
-0.081,-0.686,0.894,16.541,-1.404,-1.404
-0.094,-0.656,0.854,17.639,-2.869,-10.803
-0.124,-0.626,0.822,21.790,-4.456,-20.996
-0.157,-0.610,0.830,28.748,-4.578,-32.654
-0.159,-0.571,0.861,31.250,-1.587,-46.753
-0.112,-0.490,0.889,27.222,3.418,-61.340
-0.048,-0.382,0.902,20.691,9.155,-73.364
0.022,-0.288,0.924,15.259,12.939,-81.665
0.100,-0.219,0.942,12.207,14.893,-87.219
0.165,-0.159,0.950,10.071,15.015,-90.698
0.197,-0.080,0.958,8.057,14.404,-92.468
0.185,0.026,0.956,7.141,13.367,-93.750
0.157,0.122,0.975,8.667,12.573,-95.703
0.153,0.216,1.017,10.071,14.954,-100.525
0.188,0.313,1.057,8.728,19.531,-105.469
0.252,0.403,1.084,5.005,23.315,-108.459
0.337,0.475,1.092,0.854,24.902,-108.337

0.451,1.142,1.112,-18.433,4.883,-74.890
0.493,1.210,1.068,-20.325,-1.038,-66.528
0.535,1.250,1.028,-18.738,-5.432,-55.969
0.573,1.276,0.980,-16.479,-8.301,-42.847
0.584,1.300,0.927,-14.709,-10.315,-26.489
0.571,1.300,0.872,-11.963,-12.695,-8.911
0.545,1.251,0.825,-8.545,-15.015,9.277
0.484,1.187,0.800,-5.188,-16.907,27.527
0.452,1.120,0.798,-2.441,-17.761,44.922
0.401,1.052,0.788,-0.122,-16.296,61.890
0.347,0.957,0.782,2.258,-10.986,76.355
0.332,0.854,0.788,3.174,-3.723,87.036
0.315,0.776,0.800,3.235,3.052,95.154
0.313,0.669,0.838,4.578,9.094,101.868
0.298,0.552,0.870,6.836,12.512,107.788
0.260,0.447,0.892,8.301,12.878,113.037
0.221,0.346,0.910,8.728,11.719,116.516
0.176,0.267,0.899,9.033,9.705,117.859
0.160,0.193,0.875,10.803,6.958,116.028
0.150,0.119,0.853,14.709,4.333,111.694
0.139,0.052,0.826,19.287,0.793,105.713
0.135,-0.024,0.807,23.621,-2.502,100.464
0.126,-0.114,0.788,26.978,-4.333,97.717
0.123,-0.212,0.787,28.870,-2.625,96.558
0.122,-0.300,0.809,29.602,1.343,94.849
0.126,-0.365,0.838,29.358,7.629,91.797
0.133,-0.433,0.886,28.687,13.733,87.585
0.137,-0.506,0.936,28.259,17.700,83.191
0.134,-0.580,0.981,27.588,19.165,78.369
0.141,-0.646,1.012,25.879,19.592,73.181
0.135,-0.696,1.026,23.682,19.653,67.993
0.112,-0.750,1.041,21.545,19.470,62.866
0.083,-0.784,1.047,19.348,18.555,56.030
0.061,-0.797,1.039,16.846,16.724,46.814
0.039,-0.807,1.025,15.259,13.733,36.621
0.005,-0.828,1.004,14.038,9.949,26.672
-0.023,-0.836,0.985,11.169,7.751,17.090
-0.041,-0.825,0.960,7.690,7.446,7.385
-0.066,-0.802,0.941,5.005,7.080,-1.770
-0.088,-0.773,0.919,3.235,6.409,-11.230
-0.092,-0.729,0.887,1.770,6.531,-21.973
-0.083,-0.687,0.874,1.160,7.690,-33.142
-0.060,-0.623,0.872,-0.061,10.681,-44.434
-0.037,-0.553,0.873,-2.136,14.648,-55.725
0.008,-0.497,0.896,-4.028,18.921,-66.956
0.083,-0.444,0.923,-6.470,22.949,-77.515
0.171,-0.366,0.961,-8.972,26.245,-86.548
0.252,-0.291,0.972,-10.681,27.161,-93.018
0.307,-0.214,0.984,-11.292,25.269,-96.436
0.288,-0.099,0.986,-11.353,22.095,-97.595
0.249,0.001,0.973,-10.803,18.616,-98.450
0.245,0.065,0.976,-9.583,17.334,-100.952
0.265,0.119,0.977,-8.972,17.822,-103.455
0.304,0.166,0.989,-8.911,19.348,-105.408
0.358,0.202,1.006,-8.179,20.386,-106.323
0.388,0.240,1.026,-6.287,19.287,-106.384
0.385,0.286,1.152,-3.418,15.808,-106.506
0.294,0.386,0.971,0.000,13.062,-107.788
0.298,0.502,1.111,0.854,19.470,-109.619
0.337,0.611,1.129,-4.211,25.513,-110.535
0.416,0.710,1.175,-12.024,25.024,-108.276
0.507,0.801,1.206,-20.203,17.639,-103.394
0.583,0.864,1.222,-23.071,6.897,-96.741
0.641,0.910,1.213,-22.095,0.244,-88.501
0.673,0.947,1.178,-20.569,-5.432,-76.904
0.682,0.988,1.128,-19.592,-11.658,-61.096
0.644,1.031,1.061,-17.639,-16.846,-42.908
0.601,1.036,1.025,-14.343,-18.433,-24.780
0.569,1.011,0.987,-12.146,-17.334,-8.301
0.552,0.971,0.953,-10.803,-16.418,7.080
0.537,0.917,0.933,-9.216,-16.418,23.071
0.525,0.852,0.900,-6.897,-17.883,38.208
0.499,0.788,0.878,-3.174,-21.423,51.392
0.481,0.717,0.835,1.404,-26.794,64.209
0.432,0.628,0.800,7.080,-30.579,75.439
0.376,0.521,0.771,13.306,-30.640,84.351
0.327,0.408,0.752,18.738,-29.480,91.431
0.276,0.312,0.756,21.729,-27.588,97.412
0.219,0.240,0.754,23.560,-23.560,101.868
0.168,0.187,0.777,24.841,-18.677,104.004
0.133,0.140,0.812,25.574,-13.611,105.286
0.110,0.098,0.842,26.001,-9.766,106.445
0.092,0.059,0.867,27.100,-7.324,107.727
0.083,0.025,0.896,28.687,-6.409,109.192
0.068,-0.008,0.914,30.457,-7.446,110.046
0.059,-0.045,0.930,32.837,-10.193,110.596
0.030,-0.091,0.933,34.851,-15.930,111.023
-0.005,-0.127,0.924,36.377,-23.071,111.206
-0.041,-0.173,0.912,38.086,-29.724,109.192
-0.087,-0.219,0.888,39.673,-34.607,104.553
-0.074,-0.271,0.841,40.955,-36.255,96.436
-0.119,-0.299,0.819,40.466,-34.973,82.092
-0.228,-0.261,0.830,39.185,-32.471,63.721
-0.249,-0.224,0.853,42.297,-28.503,48.523
-0.214,-0.229,0.862,47.913,-25.330,34.790
-0.182,-0.235,0.897,51.392,-23.254,21.545
-0.139,-0.212,0.977,50.720,-20.508,9.949
-0.082,-0.168,1.011,49.377,-19.775,0.488
-0.049,-0.141,1.038,47.058,-23.437,-4.395
-0.038,-0.112,1.046,44.678,-30.518,-6.470
-0.049,-0.102,1.038,43.274,-38.330,-7.019
-0.074,-0.093,1.015,42.603,-43.762,-6.042
-0.104,-0.092,0.975,41.321,-44.373,-4.944
-0.115,-0.084,0.943,39.551,-40.283,-5.188
-0.137,-0.081,0.907,36.926,-34.241,-6.287
-0.138,-0.071,0.915,34.668,-27.405,-10.437
-0.115,-0.066,0.905,34.302,-21.118,-16.663
-0.076,-0.050,0.916,35.583,-15.320,-24.841
-0.047,-0.050,0.922,36.804,-12.695,-31.616
-0.034,-0.048,0.928,39.063,-13.550,-36.987
-0.038,-0.052,0.926,42.480,-16.357,-40.894
-0.037,-0.138,0.902,45.593,-17.273,-43.640
-0.107,-0.115,0.891,46.753,-16.663,-51.453
-0.132,-0.113,0.890,45.288,-13.000,-56.519
-0.131,-0.137,0.904,42.480,-6.409,-57.739
-0.131,-0.111,0.921,40.771,0.244,-64.087
-0.116,-0.071,0.907,43.579,6.958,-72.632
-0.076,-0.068,0.931,47.241,12.939,-79.956
-0.051,-0.094,0.940,54.871,15.381,-86.487

0.472,0.932,1.235,-13.245,12.024,-115.356
0.467,1.023,1.231,-10.925,-0.244,-106.140
0.471,1.086,1.243,-9.277,-9.583,-96.863
0.440,1.145,1.153,-10.498,-15.015,-87.097
0.506,1.177,1.142,-13.306,-15.198,-76.111
0.507,1.221,1.044,-16.541,-12.634,-61.096
0.582,1.237,1.020,-17.822,-10.437,-40.833
0.611,1.244,1.020,-16.479,-7.751,-18.066
0.599,1.201,1.002,-14.038,-8.545,1.648
0.557,1.153,0.984,-12.024,-13.672,19.592
0.517,1.105,0.962,-9.583,-20.386,36.255
0.488,1.049,0.940,-5.371,-25.696,51.331
0.467,0.968,0.915,-0.366,-27.466,64.758
0.449,0.868,0.891,3.906,-25.513,76.599
0.427,0.764,0.869,7.507,-22.278,88.196
0.383,0.654,0.857,10.620,-18.799,100.220
0.336,0.533,0.858,13.916,-15.198,110.962
0.280,0.416,0.867,16.907,-12.512,119.141
0.210,0.318,0.891,19.470,-10.925,124.390
0.141,0.242,0.914,21.851,-9.949,127.380
0.108,0.162,0.945,23.315,-8.850,126.953
0.102,0.070,0.970,23.376,-7.751,123.413
0.096,-0.038,0.980,22.583,-7.812,119.690
0.083,-0.146,0.982,20.203,-8.606,116.150
0.047,-0.260,1.000,17.151,-9.033,112.671
0.034,-0.386,1.010,13.977,-7.385,109.375
0.046,-0.484,1.091,8.362,-7.935,105.347
0.026,-0.539,1.141,2.747,-12.085,104.675
-0.004,-0.577,1.142,-2.625,-13.977,101.257
-0.030,-0.604,1.107,-7.019,-7.263,92.529
-0.021,-0.613,1.077,-9.827,0.916,80.505
-0.011,-0.607,1.029,-11.108,-1.038,69.519
-0.025,-0.589,0.982,-10.986,-10.376,60.242
-0.028,-0.575,0.937,-8.484,-18.799,51.941
-0.045,-0.569,0.883,-4.456,-22.766,43.945
-0.074,-0.556,0.819,0.061,-24.414,34.912
-0.100,-0.524,0.760,5.981,-27.344,25.940
-0.127,-0.488,0.710,13.245,-30.334,16.541
-0.157,-0.450,0.671,21.667,-31.250,6.836
-0.191,-0.414,0.644,29.541,-30.701,-2.258
-0.221,-0.383,0.623,36.255,-29.175,-10.803
-0.249,-0.353,0.610,40.710,-27.039,-18.921
-0.276,-0.325,0.609,43.091,-23.254,-26.184
-0.286,-0.290,0.622,43.884,-15.991,-32.959
-0.288,-0.240,0.642,44.373,-6.836,-40.283
-0.273,-0.192,0.677,47.668,0.916,-50.476
-0.260,-0.157,0.720,52.551,7.507,-63.110
-0.240,-0.124,0.776,57.678,11.902,-77.026
-0.206,-0.090,0.846,61.096,13.977,-91.064
-0.147,-0.058,0.938,63.477,14.465,-104.187
-0.081,-0.047,1.015,65.857,12.573,-115.356
-0.015,-0.049,1.071,64.148,10.193,-122.253
0.051,-0.037,1.107,57.556,11.292,-124.573
0.083,-0.027,1.078,47.424,16.235,-122.864
0.115,-0.016,1.058,39.673,20.386,-117.798
0.094,-0.006,1.052,35.461,23.560,-111.755
0.063,0.007,1.067,32.715,26.245,-106.689
0.049,0.013,1.079,31.494,24.353,-103.943
0.020,0.061,1.104,30.212,18.921,-105.591
0.008,0.101,1.131,26.306,14.160,-112.366
0.082,0.150,1.101,21.484,10.803,-121.765
0.155,0.205,1.083,14.587,8.057,-129.089
0.204,0.214,1.077,9.705,3.967,-131.226
0.228,0.212,1.069,7.812,-0.061,-125.610
0.234,0.210,1.047,6.409,-1.526,-114.136
0.202,0.191,1.041,0.793,0.061,-99.243
0.183,0.177,1.035,-5.676,4.211,-83.496
0.147,0.162,1.038,-10.437,9.766,-71.106
0.140,0.148,1.031,-16.724,16.113,-64.331
0.171,0.161,1.029,-22.400,23.987,-60.669
0.198,0.191,1.014,-21.851,28.503,-57.434
0.223,0.211,1.000,-14.099,26.733,-53.284
0.203,0.199,0.974,-4.456,20.325,-48.706
0.173,0.164,0.972,4.272,11.963,-44.373
0.165,0.158,0.984,12.390,4.150,-40.466
0.098,0.071,1.015,23.132,-5.676,-36.194
0.069,0.014,1.076,29.053,-16.052,-33.447
0.131,-0.079,1.143,24.597,-21.362,-30.090
0.031,-0.044,1.115,12.207,-17.639,-20.630
0.010,-0.008,1.112,0.671,-8.606,-13.062
0.027,0.033,1.029,-4.150,-1.099,-10.864
0.025,0.043,1.017,1.526,2.136,-11.169
-0.000,-0.002,1.060,12.146,-1.343,-12.451
-0.016,-0.031,1.085,23.254,-4.517,-13.977
-0.038,-0.063,1.076,32.410,-6.165,-16.174
-0.052,-0.120,1.130,36.926,-10.864,-19.836
-0.079,-0.104,1.111,36.682,-10.498,-21.484
-0.107,-0.103,0.996,29.724,-9.766,-30.090
-0.062,-0.240,1.000,22.156,-21.606,-36.865
-0.108,-0.209,1.058,19.287,-31.433,-28.809
-0.145,-0.161,1.079,20.508,-18.250,-21.912
-0.087,-0.144,0.970,22.461,3.052,-22.156
-0.080,-0.118,0.983,25.635,7.080,-23.926
-0.095,-0.096,1.024,30.640,1.465,-27.771
-0.064,-0.125,1.037,36.682,-5.859,-34.241
-0.037,-0.174,1.053,39.795,-15.076,-38.208
-0.066,-0.204,1.060,36.804,-17.700,-37.476
-0.094,-0.205,1.030,27.649,-15.137,-34.546
-0.149,-0.148,0.957,17.883,-13.733,-32.288
-0.096,-0.144,0.938,10.742,-18.494,-36.865
-0.066,-0.152,0.903,11.536,-25.208,-44.800
-0.030,-0.207,0.929,17.639,-33.569,-48.157
-0.069,-0.196,0.998,26.794,-39.490,-45.959
-0.073,-0.222,1.045,32.654,-40.405,-43.884
-0.019,-0.347,1.024,33.020,-35.767,-41.016
-0.048,-0.369,0.970,27.222,-30.029,-28.809
-0.104,-0.371,0.994,17.334,-30.151,-11.841
-0.152,-0.341,1.013,7.141,-28.625,1.770
-0.201,-0.239,1.006,-3.357,-22.644,14.343
-0.200,-0.172,0.983,-11.169,-17.151,19.897
-0.187,-0.165,0.943,-13.123,-12.451,19.104
-0.173,-0.174,0.933,-11.963,-11.169,16.235
-0.183,-0.207,0.933,-8.728,-9.705,12.329
-0.182,-0.239,0.906,-3.906,-7.935,8.911
-0.174,-0.246,0.882,5.554,-8.606,6.409
-0.183,-0.197,0.900,17.517,-14.954,4.883
-0.199,-0.188,0.947,26.184,-21.790,1.892
-0.217,-0.204,0.987,29.541,-28.748,-2.136
-0.209,-0.214,1.013,25.391,-31.555,-4.822

0.031,0.197,1.266,-27.893,45.349,-28.625
-0.191,0.009,0.923,-31.128,-0.916,-21.729
-0.102,0.104,0.992,-50.659,12.939,-41.260
-0.016,0.214,1.036,-62.195,19.836,-55.725
-0.030,0.244,0.940,-73.486,18.677,-52.795
-0.065,0.236,0.926,-74.402,19.287,-54.138
-0.079,0.199,0.943,-76.477,19.043,-57.251
-0.044,0.260,1.003,-71.899,12.085,-65.125
-0.066,0.230,0.952,-63.416,-3.296,-75.439
0.714,1.194,0.569,-68.726,-2.747,-70.984
-0.231,0.236,0.838,-55.603,9.277,-14.709
0.020,0.349,1.020,-33.630,11.475,-9.094
-0.083,0.332,0.860,-46.326,11.536,-9.644
-0.045,0.351,0.904,-40.466,15.869,-6.409
0.020,0.361,0.956,-34.363,14.648,-6.165
0.015,0.426,0.976,-37.903,13.123,-7.446
-0.137,0.369,0.957,-49.561,12.146,-14.709
-0.109,0.420,0.961,-65.125,18.372,-20.874
-0.018,0.386,0.888,-79.346,21.240,-25.330
0.025,0.402,0.877,-80.200,20.142,-25.574
0.004,0.398,0.862,-72.876,18.616,-23.621
0.043,0.424,0.835,-62.500,17.090,-20.996
0.033,0.412,0.809,-49.500,13.306,-17.700
0.076,0.425,0.837,-35.034,10.376,-15.137
0.055,0.434,0.836,-21.973,7.385,-10.559
0.042,0.442,0.868,-12.573,4.639,-8.118
0.047,0.436,0.891,-7.996,3.296,-7.202
0.047,0.441,0.896,-8.118,3.296,-6.104
0.065,0.426,0.889,-10.071,3.906,-5.615
0.075,0.430,0.891,-10.132,4.700,-4.211
0.079,0.424,0.896,-7.874,4.944,-1.404
0.032,0.431,0.910,-6.653,5.066,1.892
0.022,0.447,0.877,-10.315,6.958,4.028
0.015,0.482,0.850,-12.512,7.568,3.906
0.004,0.525,0.855,-10.132,6.775,2.136
-0.007,0.518,0.875,-10.071,5.066,-1.770
0.005,0.481,0.848,-12.756,3.723,-6.165
0.008,0.490,0.820,-12.573,2.869,-8.484
0.035,0.487,0.830,-8.484,0.916,-10.498
0.057,0.475,0.861,-3.174,-1.160,-11.719
0.055,0.439,0.876,1.160,-2.380,-11.047
0.049,0.437,0.888,2.808,-2.319,-8.667
0.033,0.447,0.887,1.038,-1.343,-6.226
0.024,0.474,0.886,-1.709,-0.244,-5.005
0.005,0.493,0.871,-3.906,0.183,-4.944
0.020,0.466,0.874,-5.676,0.061,-6.531
0.034,0.475,0.868,-6.653,0.610,-7.141
0.017,0.497,0.849,-7.568,0.671,-7.996
0.053,0.473,0.853,-7.507,-0.305,-10.071
0.070,0.449,0.867,-5.859,-0.916,-10.437
0.057,0.458,0.865,-2.808,-0.488,-7.385
0.050,0.464,0.868,-0.977,-0.427,-4.822
0.034,0.474,0.870,-0.427,-0.122,-3.723
0.032,0.480,0.871,-0.854,0.183,-3.357
0.057,0.453,0.880,-1.709,0.244,-3.357
0.051,0.445,0.888,-2.380,0.977,-2.136
0.022,0.487,0.869,-3.479,2.930,0.061
0.034,0.503,0.852,-5.371,3.479,-0.793
0.054,0.479,0.851,-5.554,2.380,-2.625
0.057,0.459,0.856,-2.930,1.770,-2.136
0.050,0.471,0.863,0.183,1.770,-0.061
0.043,0.470,0.872,0.671,1.648,1.099
0.039,0.477,0.872,0.122,2.502,1.892
0.035,0.484,0.867,-0.671,2.869,2.502
0.037,0.483,0.862,-1.343,3.235,2.625
0.038,0.482,0.858,-1.404,3.174,2.563
0.040,0.483,0.859,-1.221,2.930,2.686
0.039,0.483,0.860,-0.671,2.930,2.502
0.039,0.483,0.862,-0.793,2.808,2.258
0.041,0.480,0.861,-0.305,2.563,2.197
0.039,0.480,0.860,0.122,2.747,2.441
0.045,0.471,0.861,0.061,2.869,2.686
0.036,0.487,0.861,0.305,3.174,3.296
0.036,0.483,0.863,0.549,2.991,3.052
0.034,0.486,0.859,0.854,2.625,2.747
0.036,0.481,0.866,0.793,2.441,2.319
0.038,0.476,0.873,0.916,2.563,2.380
0.039,0.481,0.865,0.000,3.235,2.808
0.040,0.485,0.858,-0.610,3.296,2.808
0.041,0.484,0.856,-0.244,2.991,2.808
0.039,0.484,0.859,0.366,2.625,2.930
0.039,0.483,0.863,0.671,2.686,2.808
0.038,0.482,0.865,0.671,2.502,2.686
0.037,0.482,0.865,0.244,2.747,2.686
0.038,0.482,0.861,0.000,2.991,2.686
0.037,0.482,0.860,0.061,2.930,2.686
0.037,0.483,0.862,0.305,2.869,2.563
0.038,0.483,0.863,0.244,2.808,2.747
0.037,0.484,0.864,0.000,2.686,2.686
0.038,0.481,0.863,-0.854,2.686,2.502
0.039,0.484,0.859,-1.160,3.174,2.441
0.039,0.483,0.857,-0.671,3.052,2.380
0.039,0.483,0.860,0.427,2.686,2.319
0.038,0.482,0.865,0.916,2.502,2.075
0.038,0.477,0.867,0.854,2.563,2.136
0.039,0.479,0.865,0.061,2.686,2.380
0.039,0.484,0.862,-0.305,3.113,2.686
0.039,0.485,0.860,-0.122,3.174,2.625
0.038,0.485,0.859,0.000,3.052,2.686
0.039,0.484,0.860,-0.183,2.930,2.686
0.040,0.484,0.860,-0.122,2.747,2.747
0.038,0.485,0.860,0.000,2.808,2.625
0.038,0.484,0.863,0.244,2.808,2.563
0.039,0.483,0.863,0.366,2.869,2.686
0.037,0.483,0.863,0.061,2.808,2.502
0.039,0.481,0.862,-0.122,2.930,2.502
0.038,0.483,0.862,0.183,3.052,2.625
0.038,0.484,0.861,0.427,2.869,2.808
0.038,0.482,0.861,0.427,2.747,2.625
0.039,0.483,0.863,0.183,2.747,2.563
0.038,0.484,0.861,-0.061,3.052,2.808
0.039,0.485,0.862,0.183,2.869,2.686
0.039,0.484,0.862,0.122,2.686,2.502
0.039,0.482,0.861,0.000,2.747,2.563
0.039,0.484,0.861,0.122,2.747,2.502
0.039,0.485,0.861,0.183,2.930,2.686
0.038,0.485,0.862,0.305,2.930,2.686
0.039,0.485,0.861,0.122,2.869,2.625
0.039,0.484,0.861,0.183,2.808,2.563


