millis,aX,aY,aZ,gX,gY,gZ
14847,0.022,0.080,0.931,-193.237,84.778,-30.701
14856,0.014,0.100,0.970,-55.359,30.884,-9.155
14865,0.016,0.101,0.973,-13.000,10.254,-1.648
14874,0.017,0.101,0.973,-2.686,4.456,1.038
14883,0.017,0.104,0.976,-0.427,3.235,1.831
14891,0.016,0.109,0.978,0.549,2.930,1.770
14900,0.015,0.109,0.984,1.099,2.869,1.526
14909,0.011,0.106,0.991,0.854,2.502,1.343
14918,0.007,0.106,0.998,0.488,2.563,1.160
14926,0.006,0.106,1.000,0.305,3.540,0.916
14935,0.006,0.103,0.997,0.061,5.005,0.366
14944,0.003,0.099,0.995,-0.244,6.409,0.244
14953,0.000,0.099,0.992,-0.549,7.263,0.122
14962,-0.004,0.099,0.988,-0.977,8.118,-0.122
14970,-0.002,0.100,0.983,-0.793,9.460,0.183
14979,0.007,0.100,0.971,-0.488,10.925,0.793
14987,0.020,0.096,0.951,-0.305,11.902,1.282
14996,0.038,0.091,0.928,0.244,12.512,1.587
15005,0.055,0.088,0.907,0.366,12.634,1.831
15014,0.068,0.086,0.888,0.732,11.841,1.526
15023,0.073,0.080,0.878,0.977,9.888,0.916
15032,0.072,0.076,0.879,0.427,6.958,0.366
15040,0.069,0.071,0.887,0.305,3.906,-0.244
15049,0.059,0.064,0.902,0.244,1.343,-0.366
15058,0.051,0.057,0.914,0.488,-0.244,-0.122
15066,0.047,0.054,0.923,0.793,-0.793,0.671
15075,0.046,0.056,0.927,1.343,-0.916,1.587
15084,0.049,0.060,0.927,1.831,-1.038,2.319
15093,0.053,0.064,0.931,2.014,-1.282,3.052
15102,0.053,0.066,0.939,2.136,-2.441,3.235
15110,0.049,0.066,0.950,2.075,-3.479,3.052
15119,0.045,0.066,0.967,1.648,-3.906,2.930
15128,0.038,0.066,0.978,1.282,-3.967,2.625
15137,0.029,0.067,0.991,0.977,-3.723,2.563
15146,0.022,0.070,1.000,1.099,-3.113,2.686
15154,0.014,0.073,1.004,1.770,-2.747,3.174
15163,0.009,0.076,1.008,2.502,-2.136,3.601
15171,0.005,0.078,1.011,3.235,-1.587,4.089
15180,0.001,0.080,1.013,3.540,-1.099,4.639
15189,0.000,0.086,1.015,3.479,-0.366,5.005
15198,-0.004,0.093,1.015,3.540,0.183,5.066
15207,-0.006,0.097,1.015,3.906,0.854,4.761
15215,-0.009,0.098,1.013,4.089,1.648,4.761
15224,-0.012,0.095,1.012,4.272,2.502,4.761
15233,-0.009,0.095,1.007,4.272,3.296,4.761
15242,-0.007,0.096,1.001,4.395,4.395,4.456
15251,-0.005,0.094,0.992,4.883,5.432,4.395
15260,-0.005,0.089,0.983,5.371,5.615,4.211
15268,-0.000,0.086,0.978,5.127,5.493,4.150
15277,-0.002,0.084,0.970,4.822,5.798,3.967
15285,-0.001,0.082,0.964,4.395,6.165,3.967
15294,-0.000,0.083,0.960,4.028,6.287,4.089
15303,-0.001,0.084,0.955,3.723,6.042,4.456
15312,-0.005,0.084,0.954,3.540,5.127,4.456
15321,-0.006,0.081,0.956,3.418,4.272,4.578
15330,-0.011,0.081,0.954,3.174,3.662,5.188
15338,-0.014,0.083,0.955,2.808,3.479,5.554
15347,-0.011,0.086,0.954,2.319,3.418,5.981
15356,-0.007,0.088,0.952,1.953,3.296,6.592
15365,-0.002,0.092,0.943,1.587,3.662,6.897
15374,0.004,0.094,0.937,1.282,3.479,7.141
15382,0.010,0.098,0.931,0.549,3.418,7.263
15391,0.016,0.103,0.932,-0.061,3.235,7.446
15399,0.022,0.107,0.931,-0.854,2.930,7.507
15408,0.031,0.111,0.934,-1.160,2.502,7.324
15417,0.036,0.113,0.934,-1.160,1.831,7.080
15426,0.040,0.112,0.937,-0.732,0.977,6.531
15435,0.043,0.109,0.943,-0.671,0.305,5.981
15443,0.043,0.106,0.955,-0.854,-0.244,5.127
15452,0.041,0.106,0.966,-1.526,-0.427,3.967
15461,0.039,0.109,0.973,-2.197,-0.183,2.991
15470,0.039,0.111,0.980,-2.258,-0.061,2.075
15479,0.034,0.110,0.988,-1.709,-0.061,1.282
15488,0.031,0.103,0.996,-0.488,-0.244,1.160
15496,0.029,0.094,1.003,0.488,-0.732,1.404
15505,0.026,0.090,1.011,1.038,-0.916,1.160
15513,0.018,0.087,1.017,1.343,-0.366,0.793
15522,0.008,0.082,1.026,2.075,-0.061,0.488
15531,-0.003,0.079,1.032,2.747,0.793,0.427
15540,-0.003,0.073,1.031,4.150,2.258,1.160
15549,0.000,0.064,1.028,5.615,3.845,1.587
15557,0.002,0.059,1.022,5.920,5.310,1.221
15566,0.004,0.058,1.009,5.310,6.409,0.732
15575,0.009,0.060,0.997,4.761,6.714,0.427
15584,0.011,0.062,0.989,4.761,6.714,0.366
15593,0.010,0.054,0.970,5.310,5.371,0.916
15602,0.005,0.045,0.961,5.981,3.967,1.404
15610,-0.034,0.032,0.959,5.005,4.089,1.404
15619,0.025,0.049,0.954,2.991,6.836,-1.404
15628,0.019,0.055,0.947,2.014,10.742,-2.136
15636,0.051,0.058,0.907,-0.183,11.047,-1.587
15645,0.022,0.080,0.922,0.732,10.193,-0.977
15654,0.017,0.062,0.907,3.357,7.996,0.244
15663,0.026,0.053,0.883,6.287,6.226,1.648
15672,0.049,0.047,0.865,7.996,6.165,2.808
15680,0.074,0.043,0.844,9.827,4.272,5.493
15689,0.096,0.029,0.821,12.451,1.160,7.080
15698,0.102,0.036,0.800,14.893,-3.662,7.385
15707,0.090,0.041,0.789,15.625,-10.071,7.019
15715,0.054,0.051,0.805,16.418,-16.479,5.554
15724,0.048,0.053,0.789,17.639,-22.827,4.761
15733,0.039,0.057,0.804,21.179,-27.283,4.150
15742,0.037,0.047,0.787,24.109,-31.494,4.944
15750,0.025,0.000,0.803,25.146,-36.255,5.737
15759,0.008,0.011,0.831,23.804,-41.077,6.287
15768,0.012,-0.003,0.835,23.437,-47.546,8.423
15777,-0.005,0.001,0.860,23.804,-53.711,8.911
15786,-0.027,0.015,0.890,22.644,-60.425,9.033
15794,-0.054,0.019,0.932,22.156,-66.528,8.362
15803,-0.073,0.005,0.955,21.973,-71.228,8.667
15812,-0.101,-0.020,0.999,19.958,-75.378,9.216
15820,-0.128,-0.046,1.055,14.404,-80.200,8.545
15830,-0.167,-0.050,1.141,7.812,-81.482,7.935
15838,-0.207,-0.049,1.211,5.066,-80.017,9.338
15847,-0.248,-0.063,1.286,5.493,-76.721,11.841
15856,-0.263,-0.101,1.368,6.775,-73.425,14.160
15865,-0.302,-0.163,1.493,5.249,-69.763,16.968
15874,-0.354,-0.198,1.661,-0.244,-63.293,20.874
15882,-0.401,-0.185,1.811,-7.263,-49.866,25.696
16759,-0.508,0.064,2.100,-45.044,-234.741,-17.456
16768,-0.446,0.004,2.222,-39.856,-220.337,-17.212
16777,-0.291,-0.063,2.293,-17.517,-215.454,-3.601
16785,-0.182,-0.150,2.426,8.423,-223.145,11.353
16794,-0.222,-0.122,2.666,20.935,-239.319,16.296
16803,-0.289,-0.039,2.964,24.963,-243.469,15.564
16812,-0.333,0.025,3.146,32.288,-226.257,12.268
16821,-0.363,0.066,3.129,44.617,-188.232,7.263
16829,-0.372,0.014,2.962,55.664,-139.771,-0.671
16838,-0.375,-0.073,2.736,56.152,-92.773,-11.902
16847,-0.460,-0.151,2.117,46.448,-58.655,-22.034
16856,-0.268,-0.279,2.027,29.785,-22.644,-15.076
16864,-0.015,-0.203,1.633,33.325,-13.245,-9.949
16873,0.079,-0.107,1.367,31.128,-19.470,-5.920
16882,0.176,-0.022,1.156,22.644,-36.804,6.470
16891,0.253,-0.019,1.152,12.329,-50.659,16.296
16899,0.210,-0.027,1.263,5.188,-64.697,12.451
16908,0.045,-0.030,1.477,-0.366,-82.886,0.916
16917,-0.178,-0.099,1.677,-6.226,-96.313,-10.864
16925,-0.369,-0.148,1.828,-15.076,-90.271,-19.897
16934,-0.461,-0.115,1.849,-25.146,-63.782,-22.034
16943,-0.458,-0.068,1.762,-31.555,-33.142,-20.264
16952,-0.406,-0.044,1.630,-32.410,-10.559,-16.418
16961,-0.326,-0.017,1.489,-29.114,2.258,-10.620
16970,-0.251,0.028,1.307,-22.400,9.216,-3.845
16978,-0.190,0.089,1.176,-15.076,10.132,1.404
16987,-0.083,0.161,1.064,-6.592,8.240,5.676
16996,-0.017,0.238,0.962,1.343,-2.014,6.287
17005,-0.028,0.244,0.898,7.019,-16.052,2.747
17014,-0.110,0.167,0.858,9.705,-26.367,-3.601
17022,-0.208,0.066,0.860,5.371,-27.466,-9.399
17031,-0.270,-0.005,0.838,-1.160,-22.644,-11.719
17039,-0.307,-0.043,0.832,-6.287,-14.709,-10.376
17048,-0.374,-0.028,0.824,-8.728,-10.315,-6.409
17057,-0.269,-0.007,0.848,-7.202,-12.390,-4.028
17066,-0.253,0.066,0.867,-5.066,-19.104,0.183
17075,-0.278,0.107,0.885,-0.122,-27.405,1.709
17083,-0.280,0.057,0.926,4.761,-34.546,3.784
17092,-0.301,0.041,0.932,6.042,-36.133,6.714
17101,-0.324,0.040,0.925,3.845,-30.701,8.301
17110,-0.295,0.010,0.896,-0.977,-23.193,8.240
17119,-0.302,0.024,0.915,-7.446,-18.738,4.150
17127,-0.346,0.022,0.994,-12.268,-19.226,-0.244
17136,-0.382,0.005,1.047,-13.123,-22.217,-1.831
17145,-0.413,0.004,1.115,-11.902,-25.085,1.831
17154,-0.419,0.022,1.153,-10.132,-25.024,8.606
17163,-0.376,0.055,1.130,-8.667,-19.043,13.794
17171,-0.331,0.078,1.076,-8.545,-10.071,14.221
17180,-0.301,0.123,1.073,-10.071,-4.822,11.292
17189,-0.324,0.157,1.051,-11.230,-2.319,6.775
17197,-0.306,0.076,1.072,-7.629,-1.343,4.883
17206,-0.297,0.040,1.102,-3.967,-4.639,4.883
17215,-0.351,0.054,1.126,-3.052,-8.911,5.493
17224,-0.359,0.107,1.132,-1.343,-9.583,8.911
17232,-0.325,0.126,1.139,4.517,-6.592,13.916
17241,-0.326,0.096,1.155,10.803,-4.333,17.761
17250,-0.334,0.055,1.152,13.733,-2.686,20.630
17259,-0.334,0.037,1.182,12.146,-1.221,22.278
17268,-0.402,0.016,1.264,7.141,0.183,21.484
17276,-0.481,0.006,1.358,2.563,4.150,20.081
17285,-0.515,0.006,1.425,0.061,12.390,22.705
17294,-0.516,-0.010,1.462,0.671,21.545,27.832
17303,-0.483,-0.039,1.492,4.395,28.198,33.264
17312,-0.450,-0.094,1.534,7.690,31.189,38.086
17320,-0.439,-0.151,1.598,7.202,31.067,41.077
17329,-0.434,-0.177,1.682,2.319,33.386,41.992
17338,-0.444,-0.155,1.780,-3.052,39.917,42.847
17347,-0.436,-0.105,1.873,-5.737,48.767,46.143
17355,-0.430,-0.057,1.923,-5.554,59.021,51.208
17364,-0.419,-0.046,1.965,-2.808,70.190,56.335
17373,-0.406,-0.051,2.003,-1.709,80.017,60.974
17382,-0.375,-0.066,2.060,-3.540,89.233,65.002
17391,-0.340,-0.111,2.135,-7.507,98.938,68.420
17399,-0.331,-0.137,2.220,-14.282,108.093,69.214
17408,-0.361,-0.129,2.307,-23.499,117.554,68.359
17417,-0.394,-0.113,2.406,-34.668,129.639,67.383
17426,-0.375,-0.064,2.469,-46.021,148.499,67.017
17434,-0.313,0.035,2.489,-55.908,171.814,66.895
17443,-0.275,0.186,2.498,-63.110,194.702,63.660
17452,-0.306,0.395,2.461,-65.613,215.576,55.786
17461,-0.333,0.594,2.407,-62.073,235.229,45.532
17469,-0.389,0.676,2.356,-53.894,251.953,35.095
17478,-0.462,0.649,2.260,-44.128,268.494,23.621
17487,-0.468,0.555,2.151,-35.461,286.194,11.658
17495,-0.528,0.462,2.015,-31.250,301.758,-1.221
17504,-0.643,0.391,1.805,-31.128,315.979,-17.822
17513,-0.672,0.318,1.553,-31.128,331.665,-34.241
17522,-0.669,0.243,1.308,-29.846,342.529,-45.593
17531,-0.675,0.190,1.021,-24.841,344.849,-53.772
17539,-0.609,0.133,0.689,-14.648,340.088,-57.434
17548,-0.530,0.120,0.423,-6.531,324.402,-55.176
17557,-0.460,0.095,0.209,0.244,302.429,-50.964
17566,-0.377,0.092,-0.021,8.240,284.668,-46.143
17575,-0.274,0.137,-0.325,15.747,271.545,-42.603
17583,-0.146,0.189,-0.652,20.752,258.911,-43.640
17592,-0.106,0.194,-0.873,21.362,238.159,-53.040
17601,-0.165,0.111,-0.875,18.127,207.397,-68.115
17609,-0.321,-0.036,-0.752,17.029,177.063,-77.942
17619,-0.459,-0.221,-0.562,19.531,154.358,-76.904
17627,-0.495,-0.342,-0.483,22.705,150.574,-64.697
17636,-0.409,-0.333,-0.543,22.705,165.649,-47.974
17645,-0.284,-0.265,-0.615,16.602,182.007,-36.072
17654,-0.160,-0.226,-0.670,7.080,186.890,-31.067
17662,0.013,-0.155,-0.722,-0.427,180.603,-27.405
17671,0.141,-0.073,-0.747,-7.019,154.053,-24.536
17680,0.227,-0.068,-0.700,-16.663,118.774,-21.118
17689,0.332,-0.047,-0.619,-29.358,87.280,-12.939
17697,0.402,0.031,-0.514,-41.931,63.171,-2.014
17706,0.476,0.135,-0.403,-49.011,44.617,8.545
17715,0.529,0.210,-0.335,-46.143,34.302,15.930
17724,0.567,0.197,-0.293,-36.804,31.860,17.395
17733,0.577,0.127,-0.219,-31.677,36.743,13.306
17741,0.584,0.100,-0.103,-34.180,49.316,5.127
17750,0.685,0.113,0.074,-40.466,58.289,-3.784
17759,0.705,0.126,0.119,-46.509,33.325,-9.644
17768,0.628,0.134,0.102,-46.509,-10.803,-10.986
17776,0.601,0.106,0.006,-35.645,-31.616,-7.324
17785,0.680,0.152,-0.032,-27.039,-36.011,-0.427
17794,0.752,0.195,0.008,-22.522,-30.151,4.700
20126,0.202,0.506,1.953,21.667,36.987,8.301
20135,0.197,0.587,1.962,45.349,51.025,10.681
20144,0.168,0.605,1.916,73.242,58.105,9.827
20152,0.172,0.553,1.767,95.032,61.279,6.836
20161,0.131,0.544,1.612,101.196,65.430,2.563
20170,0.097,0.515,1.500,92.712,72.998,0.732
20179,0.076,0.489,1.438,78.735,83.435,3.174
20188,0.048,0.436,1.382,68.909,91.370,6.897
20196,0.070,0.314,1.408,61.890,98.633,10.254
20205,0.049,0.272,1.466,49.561,108.582,10.925
20214,-0.010,0.324,1.509,39.124,125.122,9.338
20223,-0.029,0.358,1.472,38.696,144.104,9.033
20232,-0.028,0.379,1.351,44.373,158.203,7.202
20240,-0.033,0.376,1.274,49.988,164.246,5.188
20249,-0.004,0.312,1.264,54.688,162.415,5.188
20258,0.026,0.263,1.267,59.326,155.334,7.080
20266,0.036,0.287,1.273,60.974,147.522,9.460
20275,0.046,0.318,1.291,60.181,143.921,12.024
20284,0.096,0.329,1.252,61.768,146.973,13.611
20293,0.134,0.330,1.174,63.416,149.780,13.794
20302,0.206,0.290,1.066,62.439,150.879,12.695
20310,0.256,0.282,0.956,59.021,146.790,9.888
20319,0.282,0.277,0.930,57.007,133.484,7.751
20328,0.306,0.209,0.941,61.829,117.310,7.629
20337,0.326,0.119,0.957,68.420,101.013,7.690
20345,0.280,-0.007,1.101,67.505,89.294,6.531
20354,0.161,-0.029,1.214,57.068,93.933,3.540
20363,0.154,0.053,1.114,46.326,118.774,1.099
20372,0.212,0.144,0.893,34.912,142.944,-3.662
20381,0.177,0.166,0.727,21.484,153.992,-15.503
20389,0.169,0.099,0.601,8.240,156.372,-26.611
20398,0.236,0.025,0.492,-4.150,155.884,-31.067
20407,0.276,0.032,0.471,-17.212,150.574,-33.325
20415,0.265,0.092,0.468,-20.020,140.442,-33.569
20424,0.284,0.137,0.392,-4.456,125.854,-28.320
20433,0.322,0.081,0.237,22.644,107.727,-19.226
20442,0.338,0.003,0.034,42.419,88.989,-11.719
20451,0.361,-0.006,-0.112,42.969,75.195,-9.583
20459,0.380,0.008,-0.190,30.212,63.171,-12.207
20468,0.379,0.001,-0.146,14.771,49.438,-16.846
20477,0.364,-0.072,-0.111,6.470,38.696,-18.799
20486,0.394,-0.155,-0.111,1.221,30.029,-15.198
20495,0.383,-0.133,-0.116,-9.460,24.170,-9.583
20504,0.389,-0.093,-0.116,-20.752,21.118,-4.883
20512,0.431,-0.054,-0.141,-24.780,15.137,0.000
20521,0.495,-0.026,-0.158,-26.489,3.723,3.601
20529,0.547,0.006,-0.179,-28.442,-8.545,2.869
20538,0.540,0.056,-0.130,-34.729,-21.118,-2.869
20547,0.518,0.082,-0.069,-41.565,-28.687,-8.423
20556,0.455,0.110,0.036,-48.950,-34.546,-12.390
20565,0.355,0.125,0.156,-50.598,-37.964,-14.160
20574,0.358,0.113,0.230,-43.030,-35.400,-11.108
20582,0.373,0.089,0.246,-29.724,-31.250,-5.249
20591,0.378,0.060,0.142,-17.029,-30.884,-2.075
20600,0.342,0.083,0.049,-13.306,-32.776,-3.113
20609,0.267,0.096,0.003,-14.465,-35.950,-7.324
20617,0.241,0.042,-0.031,-14.526,-41.443,-10.437
20626,0.190,-0.014,-0.020,-18.738,-47.058,-12.207
20635,0.151,-0.048,0.049,-25.146,-51.147,-13.306
20644,0.146,-0.081,0.125,-25.146,-53.772,-8.423
20652,0.115,-0.108,0.179,-18.311,-57.434,1.831
20661,0.090,-0.140,0.193,-8.484,-58.533,15.137
20670,0.072,-0.147,0.148,2.075,-53.894,28.870
20679,0.097,-0.167,-0.020,14.893,-49.561,41.870
20688,0.110,-0.147,-0.323,25.452,-51.941,50.842
20696,0.086,-0.085,-0.578,24.902,-60.974,52.612
20705,0.043,-0.026,-0.702,15.686,-76.233,50.659
20714,-0.070,0.009,-0.750,7.263,-98.328,47.791
20723,-0.208,-0.015,-0.731,2.197,-121.094,45.654
20732,-0.318,-0.086,-0.633,-7.263,-136.292,45.410
20740,-0.400,-0.153,-0.597,-20.203,-139.709,47.729
20749,-0.346,-0.170,-0.684,-28.259,-137.573,56.152
20757,-0.274,-0.133,-0.682,-33.875,-144.226,70.374
20766,-0.262,-0.025,-0.553,-38.635,-167.053,86.975
20775,-0.230,0.181,-0.379,-31.616,-196.106,106.689
20784,-0.097,0.384,-0.055,-12.756,-231.201,127.991
20793,0.099,0.490,0.220,11.353,-275.940,141.541
20802,0.031,0.645,0.489,19.165,-322.754,131.409
20810,-0.135,0.702,0.910,10.803,-344.055,98.389
20819,-0.304,0.692,1.257,-1.282,-331.970,59.326
20828,-0.499,0.687,1.461,-13.062,-299.927,24.109
20836,-0.672,0.616,1.615,-13.245,-263.245,-2.686
20845,-0.760,0.443,1.834,0.122,-240.723,-13.489
20854,-0.782,0.263,2.030,25.940,-231.201,-7.141
20863,-0.625,0.038,2.159,66.040,-224.976,9.705
20872,-0.424,-0.243,2.198,110.413,-219.849,26.428
20880,-0.240,-0.404,2.128,141.907,-212.402,35.522
20889,-0.027,-0.429,1.996,151.367,-191.345,35.522
20898,0.056,-0.358,1.846,140.503,-165.039,21.912
20907,0.023,-0.278,1.632,123.230,-142.761,-0.854
20915,-0.163,-0.332,1.367,98.450,-131.592,-30.273
20924,-0.248,-0.244,1.439,52.795,-127.808,-58.411
20933,-0.405,-0.347,1.435,3.784,-123.718,-82.825
20942,-0.588,-0.448,1.636,-33.081,-108.887,-103.516
20951,-0.753,-0.542,1.711,-47.241,-111.938,-95.154
20959,-0.829,-0.612,1.735,-35.706,-109.680,-72.754
20968,-0.891,-0.541,1.717,-19.531,-112.915,-39.490
20977,-0.893,-0.451,1.834,-4.028,-110.718,-1.587
20986,-0.815,-0.253,1.979,12.207,-107.178,36.011
20995,-0.595,0.122,2.100,37.354,-92.407,66.406
21003,-0.473,0.184,1.927,74.219,-72.510,70.801
21012,-0.423,0.033,1.541,90.027,-46.387,51.941
21020,-0.257,-0.004,1.204,51.819,-16.235,28.381
21029,-0.224,0.022,1.146,-23.132,4.395,-1.770
21038,-0.274,0.067,1.298,-88.318,5.920,-32.104
21047,-0.325,0.035,1.459,-109.863,1.221,-44.800
21056,-0.352,-0.013,1.477,-95.093,-5.310,-40.894
21065,-0.363,-0.047,1.357,-67.444,-10.986,-27.161
21073,-0.384,-0.066,1.180,-42.297,-11.536,-10.071
21082,-0.399,-0.071,1.086,-25.635,-10.559,3.296
21091,-0.420,-0.073,1.059,-14.343,-11.719,14.099
21100,-0.375,0.049,1.026,-4.517,-12.390,24.170
21109,-0.274,0.232,0.974,2.991,-11.658,25.269
21117,-0.265,0.244,0.967,5.676,-14.893,7.935
21126,-0.360,0.137,1.039,0.977,-20.996,-17.639
21135,-0.493,0.051,1.047,-6.287,-23.682,-35.156
21143,-0.540,0.029,1.032,-10.498,-20.569,-39.124
21152,-0.569,0.014,1.075,-10.742,-22.339,-38.574
21161,-0.637,-0.014,1.121,-6.653,-34.241,-36.682
22064,-1.268,-0.297,-1.723,1.892,0.916,-3.174
22073,-1.398,-0.212,-2.020,-11.353,-5.310,15.625
22082,-1.449,-0.129,-2.210,-26.978,-25.879,31.799
22091,-1.281,-0.095,-2.404,-37.903,-57.373,48.279
22099,-1.035,0.016,-2.302,-55.786,-108.398,66.772
22108,-0.824,0.231,-1.987,-73.059,-178.162,80.872
22117,-0.527,0.448,-1.494,-70.618,-254.578,94.666
22126,-0.401,0.623,-0.896,-52.673,-335.632,105.408
22135,-0.422,0.750,-0.283,-32.776,-409.668,103.943
22143,-0.422,0.818,0.387,-18.555,-454.224,93.201
22152,-0.553,0.800,1.156,-16.174,-472.168,73.792
22161,-0.835,0.805,1.807,-21.179,-468.445,47.791
22169,-1.062,0.852,2.352,-23.682,-438.110,26.550
22178,-1.144,0.726,2.833,-21.301,-398.193,9.216
22187,-1.228,0.421,3.146,-16.357,-367.432,-10.803
22196,-1.212,0.172,3.362,-15.503,-336.182,-24.658
22205,-1.087,0.001,3.509,-15.320,-300.354,-25.818
22213,-0.950,-0.140,3.472,-10.742,-269.165,-22.034
22222,-0.745,-0.252,3.326,-6.653,-237.915,-15.442
22231,-0.566,-0.278,3.110,-9.094,-203.735,-8.423
22240,-0.365,-0.280,2.824,-15.808,-167.969,-2.747
22249,-0.137,-0.187,2.531,-24.475,-133.789,5.188
22257,0.017,0.032,2.318,-27.832,-106.934,14.038
22266,0.154,0.151,2.157,-14.160,-98.145,15.442
22274,0.227,0.118,2.164,12.817,-108.704,9.705
22283,0.184,0.027,2.104,39.124,-122.375,-4.089
22292,0.016,-0.098,2.115,33.142,-130.005,-12.756
22301,0.032,-0.205,2.093,17.395,-128.479,-6.165
22310,0.006,-0.092,1.819,5.432,-103.027,-8.728
22318,0.109,0.116,1.637,-16.907,-57.861,-5.371
22327,0.146,0.310,1.498,-38.879,-26.062,-4.028
22336,0.073,0.512,1.497,-41.199,-25.574,-11.780
22345,-0.100,0.396,1.625,-19.470,-55.603,-29.480
22354,-0.404,-0.052,1.836,2.808,-101.501,-51.392
22363,-0.665,-0.395,2.092,3.662,-114.075,-61.096
22371,-0.712,-0.446,2.195,-11.658,-78.674,-48.035
22380,-0.613,-0.344,2.030,-23.926,-19.653,-24.658
22388,-0.395,-0.155,1.729,-26.978,35.645,-2.502
22397,-0.183,0.052,1.381,-21.484,70.984,14.954
22406,0.027,0.199,1.076,-9.766,78.491,25.208
22415,0.186,0.310,0.819,2.686,63.721,26.184
22424,0.228,0.383,0.631,11.169,36.560,17.029
22433,0.170,0.363,0.586,12.085,0.061,-1.709
22441,0.068,0.311,0.689,7.263,-34.790,-19.592
22450,-0.104,0.242,0.792,4.272,-53.223,-33.203
22459,-0.260,0.152,0.870,4.944,-55.237,-42.542
22468,-0.367,0.049,0.936,4.639,-49.927,-45.593
22477,-0.434,-0.008,0.975,0.793,-39.307,-41.199
22485,-0.478,0.031,0.965,-3.296,-24.658,-31.921
22494,-0.486,0.048,0.934,-7.019,-15.320,-22.827
22503,-0.463,0.070,0.940,-13.550,-16.907,-17.273
22512,-0.421,0.103,1.044,-21.851,-23.560,-15.320
22520,-0.448,0.084,1.160,-25.879,-31.738,-20.386
22529,-0.516,0.005,1.251,-24.475,-38.513,-26.245
22538,-0.541,-0.065,1.306,-20.996,-39.001,-24.475
22546,-0.531,-0.089,1.332,-17.883,-32.959,-16.846
22555,-0.500,-0.073,1.313,-15.076,-23.682,-7.507
22564,-0.434,-0.036,1.271,-12.329,-13.794,1.221
22573,-0.379,0.014,1.224,-10.376,-7.019,7.080
22582,-0.333,0.041,1.169,-8.728,-5.859,9.033
22590,-0.296,0.059,1.130,-8.667,-7.263,9.155
22599,-0.285,0.090,1.128,-9.888,-9.583,6.836
22608,-0.305,0.106,1.146,-10.010,-11.841,2.258
22616,-0.344,0.079,1.177,-7.446,-15.076,-1.892
22625,-0.380,0.042,1.225,-4.089,-17.761,-3.113
22634,-0.402,0.036,1.252,-0.977,-15.625,-1.160
22643,-0.386,0.048,1.234,3.113,-7.141,3.784
22652,-0.366,0.076,1.173,6.042,3.052,8.545
22660,-0.336,0.112,1.109,6.226,11.963,12.756
22669,-0.311,0.146,1.037,5.127,17.029,15.381
22678,-0.271,0.198,0.979,3.662,17.944,16.785
22687,-0.229,0.249,0.958,1.770,15.869,16.235
22696,-0.239,0.253,0.967,0.549,10.559,11.108
22704,-0.266,0.234,0.978,0.488,5.737,5.371
22713,-0.273,0.229,0.948,2.075,5.127,2.686
22722,-0.290,0.224,0.926,4.517,5.249,1.587
22731,-0.322,0.195,0.949,6.531,2.808,0.000
22740,-0.347,0.157,0.987,8.423,0.610,-0.549
22748,-0.361,0.143,1.016,10.681,-0.549,0.671
22757,-0.380,0.125,1.061,12.634,-1.587,2.014
22766,-0.411,0.084,1.126,13.367,-3.723,3.052
22775,-0.433,0.057,1.186,13.550,-5.249,5.249
22784,-0.413,0.075,1.260,12.878,-4.211,8.606
22792,-0.394,0.060,1.353,12.390,-2.136,9.766
22801,-0.386,0.023,1.479,11.414,0.061,8.667
22809,-0.384,-0.025,1.638,10.681,4.150,8.057
22818,-0.418,-0.073,1.842,10.254,7.812,9.094
22827,-0.463,-0.110,2.082,10.010,10.803,12.817
22836,-0.469,-0.123,2.288,12.451,18.250,20.630
22845,-0.434,-0.118,2.419,18.250,31.860,30.762
22853,-0.397,-0.068,2.480,24.292,49.927,40.649
22862,-0.351,-0.021,2.503,31.738,68.909,48.828
22871,-0.312,-0.031,2.491,40.466,84.961,53.955
22880,-0.301,-0.069,2.472,47.058,96.130,56.763
22889,-0.332,-0.097,2.474,49.561,104.309,58.960
22897,-0.372,-0.104,2.476,49.622,113.892,61.829
22906,-0.431,-0.101,2.451,50.659,126.953,65.308
22915,-0.496,-0.094,2.392,52.795,140.991,70.007
22923,-0.550,-0.123,2.296,53.528,156.677,75.500
22932,-0.555,-0.170,2.153,51.575,176.331,82.214
22941,-0.554,-0.193,2.014,44.800,195.251,88.318
22950,-0.582,-0.199,1.913,33.997,208.801,92.957
22959,-0.638,-0.170,1.860,23.499,220.276,97.961
22967,-0.667,-0.135,1.843,17.334,231.018,104.126
22976,-0.682,-0.089,1.842,16.541,241.638,111.267
22985,-0.673,-0.025,1.775,18.982,254.578,117.615
22994,-0.607,0.038,1.672,22.827,269.104,120.972
23003,-0.531,0.091,1.541,22.339,281.738,120.178
23011,-0.438,0.113,1.404,16.541,293.762,113.586
23020,-0.354,0.146,1.286,5.554,303.284,103.333
23029,-0.293,0.186,1.221,-8.606,308.655,91.797
23038,-0.298,0.221,1.166,-21.667,310.669,78.125
23047,-0.295,0.256,1.095,-29.663,312.256,64.575
23055,-0.275,0.277,1.008,-31.189,308.228,52.612
23064,-0.257,0.276,0.891,-25.940,296.997,41.992
23072,-0.251,0.259,0.733,-15.808,280.823,31.006
23081,-0.257,0.227,0.584,-5.249,260.498,20.325
23090,-0.247,0.160,0.354,2.258,241.150,13.611
23099,-0.185,0.124,0.199,2.563,226.318,10.315
23695,-1.328,0.636,1.507,-34.607,-394.348,31.372
23704,-1.385,0.445,2.051,-30.823,-395.996,17.639
23713,-1.325,0.237,2.613,-27.954,-387.207,12.512
23722,-1.266,0.225,3.024,-29.968,-368.652,15.198
23731,-1.184,0.352,3.277,-29.114,-332.703,21.057
23739,-1.023,0.389,3.320,-16.235,-290.527,25.513
23748,-0.880,0.342,3.161,1.648,-254.395,27.039
23757,-0.718,0.345,2.901,14.709,-218.445,30.151
23766,-0.482,0.383,2.655,20.203,-186.584,33.936
23774,-0.343,0.468,2.225,20.752,-174.255,34.546
23783,-0.370,0.500,2.253,27.100,-172.791,24.231
23792,-0.202,0.428,2.140,25.818,-168.335,14.221
23801,-0.301,0.437,2.265,15.137,-220.337,13.428
23809,-0.401,0.382,2.407,20.996,-237.366,3.662
23818,-0.530,0.248,2.373,24.353,-225.647,-8.728
23827,-0.637,0.253,2.445,10.803,-195.312,-14.954
23835,-0.639,0.384,2.516,-6.104,-147.949,-11.475
23844,-0.636,0.459,2.520,-9.705,-109.436,-6.592
23853,-0.561,0.361,2.536,-1.038,-84.839,-2.075
23862,-0.407,0.330,2.394,6.165,-65.430,4.028
23871,-0.286,0.387,2.197,3.418,-45.044,9.583
23879,-0.163,0.420,1.922,0.977,-20.325,11.658
23888,-0.102,0.414,1.568,0.122,-2.258,8.301
23897,-0.104,0.388,1.373,-1.953,3.723,-0.488
23906,-0.149,0.338,1.204,-2.563,0.488,-9.033
23915,-0.188,0.255,1.150,0.671,-12.451,-15.442
23923,-0.229,0.178,1.111,6.042,-25.085,-18.738
23932,-0.255,0.152,1.070,8.057,-29.907,-18.188
23941,-0.250,0.170,1.028,5.188,-27.405,-13.855
23949,-0.241,0.217,1.000,1.160,-21.790,-10.132
23959,-0.273,0.310,1.002,-1.160,-17.395,-9.583
23967,-0.349,0.320,1.033,3.174,-18.066,-13.184
23976,-0.446,0.240,1.023,11.230,-23.499,-17.273
23985,-0.463,0.188,1.025,14.404,-25.330,-16.968
23994,-0.443,0.196,1.045,10.864,-22.400,-15.564
24002,-0.424,0.201,1.066,7.385,-16.235,-16.479
24011,-0.409,0.184,1.027,6.836,-7.324,-17.334
24020,-0.420,0.177,0.965,6.592,2.625,-16.479
24029,-0.443,0.191,0.940,4.700,11.108,-15.320
24038,-0.492,0.201,0.945,5.249,14.832,-14.709
24046,-0.549,0.183,0.942,12.024,11.230,-12.756
24055,-0.593,0.146,0.927,20.935,2.930,-8.606
24064,-0.567,0.101,0.896,24.414,-3.601,-4.150
24073,-0.580,0.119,0.912,17.700,-12.878,-0.854
24081,-0.557,0.126,0.998,9.216,-14.771,1.343
24090,-0.541,0.121,1.022,5.127,-11.230,1.038
24099,-0.528,0.131,1.029,2.136,-6.104,3.052
24108,-0.506,0.157,1.024,-0.305,-1.221,6.409
24116,-0.493,0.185,1.021,-0.488,3.357,9.277
24125,-0.485,0.203,1.038,1.831,5.432,11.292
24134,-0.488,0.229,1.072,6.104,5.371,13.245
24142,-0.504,0.233,1.104,12.024,6.165,14.404
24151,-0.497,0.224,1.124,18.250,8.240,16.052
24160,-0.470,0.234,1.101,23.560,12.451,19.592
24169,-0.431,0.279,1.048,26.550,17.273,22.827
24178,-0.378,0.304,1.009,26.611,20.447,23.193
24186,-0.339,0.272,0.936,22.766,20.813,19.897
24195,-0.299,0.252,0.887,11.169,20.813,14.771
24204,-0.278,0.269,0.920,-5.066,21.240,9.338
24213,-0.293,0.291,0.970,-14.709,20.996,4.089
24222,-0.316,0.279,0.988,-12.451,19.226,0.977
24230,-0.341,0.240,0.993,-4.150,15.320,-0.122
24239,-0.371,0.194,0.996,3.540,10.742,0.244
24248,-0.381,0.183,0.998,8.179,9.827,2.258
24256,-0.371,0.215,1.009,10.620,12.390,4.822
24265,-0.370,0.231,1.016,12.390,14.954,4.944
24274,-0.382,0.209,1.000,14.282,16.357,2.625
24283,-0.377,0.200,0.989,13.733,17.090,0.854
24292,-0.368,0.211,0.984,11.230,17.212,-0.793
24300,-0.379,0.196,1.021,8.423,14.832,-3.662
24309,-0.404,0.163,1.092,6.958,10.376,-6.531
24318,-0.426,0.134,1.147,9.033,7.629,-6.775
24327,-0.432,0.116,1.197,14.221,6.714,-4.089
24336,-0.444,0.102,1.257,19.531,6.836,-1.160
24344,-0.453,0.078,1.306,23.804,8.423,1.648
24353,-0.451,0.086,1.349,25.391,12.512,4.333
24362,-0.452,0.099,1.412,24.902,18.616,6.470
24371,-0.457,0.083,1.480,25.208,23.743,6.470
24380,-0.468,0.059,1.527,26.978,27.161,6.409
24388,-0.465,0.035,1.607,28.320,28.503,7.690
24397,-0.484,-0.020,1.718,29.358,28.259,10.559
24406,-0.501,-0.095,1.856,30.151,28.564,15.503
24414,-0.519,-0.131,2.005,30.701,32.410,24.658
24423,-0.514,-0.111,2.146,30.640,41.382,36.438
24432,-0.487,-0.058,2.256,31.982,54.321,47.058
24441,-0.449,0.042,2.286,36.499,70.557,55.969
24450,-0.421,0.120,2.277,41.382,85.876,60.547
24458,-0.403,0.132,2.271,45.166,98.389,59.570
24467,-0.400,0.098,2.251,48.523,109.924,57.007
24475,-0.428,0.052,2.248,50.110,119.019,55.725
24484,-0.498,0.008,2.251,48.767,126.465,56.396
24493,-0.588,-0.040,2.212,45.654,136.292,58.777
24502,-0.652,-0.060,2.155,40.100,148.743,62.744
24511,-0.706,-0.061,2.098,33.875,162.292,68.604
24520,-0.724,-0.051,1.976,29.053,176.514,75.500
24528,-0.734,-0.001,1.850,23.010,190.186,81.299
24537,-0.721,0.047,1.785,17.822,202.820,83.740
24546,-0.669,0.061,1.663,16.174,212.646,83.130
24555,-0.642,0.091,1.567,10.864,218.140,79.041
24564,-0.603,0.122,1.566,1.770,222.534,74.890
24572,-0.543,0.155,1.569,-5.188,227.905,74.158
24581,-0.502,0.199,1.562,-7.812,236.389,74.646
24590,-0.438,0.278,1.549,-8.362,244.263,73.730
24599,-0.329,0.315,1.511,-7.935,252.563,70.801
24608,-0.217,0.325,1.368,-8.667,261.047,63.232
24616,-0.168,0.359,1.200,-21.545,267.700,46.021
24625,-0.155,0.424,1.047,-44.067,271.118,20.630
24634,-0.112,0.508,1.000,-63.171,271.667,-6.653
24643,-0.121,0.548,0.954,-61.584,266.907,-34.363
24651,-0.180,0.449,0.749,-35.522,258.057,-56.580
24660,-0.176,0.260,0.473,-3.723,249.146,-66.956
24669,-0.184,0.047,0.266,10.864,235.229,-71.411
24678,-0.161,-0.117,0.123,7.874,224.548,-74.036
24686,-0.146,-0.210,-0.001,-0.183,216.309,-73.914
24695,-0.127,-0.227,-0.155,-4.211,206.909,-68.481
24704,-0.132,-0.158,-0.301,-1.770,193.237,-58.228
24712,-0.172,-0.101,-0.436,8.362,170.898,-45.288
24721,-0.219,-0.119,-0.590,22.278,142.761,-34.607
24730,-0.262,-0.151,-0.666,26.306,117.554,-29.785
25273,-0.258,0.110,2.628,-3.418,-147.705,20.447
25282,-0.175,0.239,2.493,-12.939,-126.038,21.057
25291,-0.070,0.250,2.387,-13.184,-105.225,19.592
25300,-0.020,0.312,2.156,-13.245,-89.050,16.113
25309,-0.126,0.502,2.056,-14.099,-79.651,2.441
25318,-0.101,0.543,2.132,-23.132,-72.510,0.000
25326,-0.099,0.461,2.103,-10.864,-72.449,-11.902
25335,-0.246,0.339,2.026,0.305,-83.313,-31.677
25344,-0.369,0.256,1.881,6.958,-79.407,-35.156
25353,-0.263,0.214,1.846,9.216,-62.927,-22.278
25362,-0.253,0.254,1.846,9.460,-62.317,-10.620
25370,-0.251,0.244,1.902,15.503,-68.237,-5.249
25379,-0.272,0.193,1.916,23.987,-69.031,-3.784
25388,-0.292,0.168,1.863,25.940,-56.458,-3.235
25396,-0.285,0.196,1.749,22.095,-28.137,-3.113
25405,-0.248,0.268,1.627,17.883,2.930,-5.188
25414,-0.234,0.270,1.452,18.921,23.132,-11.047
25423,-0.249,0.242,1.318,22.888,30.884,-19.104
25431,-0.300,0.167,1.222,27.893,27.832,-26.672
25440,-0.371,0.070,1.110,32.715,20.630,-30.334
25449,-0.385,-0.004,1.033,32.776,14.282,-27.344
25458,-0.385,-0.025,0.999,26.855,10.315,-21.484
25467,-0.356,-0.019,0.975,21.851,10.620,-15.930
25476,-0.336,-0.005,0.917,21.118,12.390,-12.085
25484,-0.341,-0.006,0.834,22.217,13.062,-10.803
25493,-0.369,-0.008,0.746,22.766,12.939,-10.681
25502,-0.371,0.010,0.676,21.484,12.268,-8.972
25511,-0.360,0.039,0.633,20.020,9.766,-7.263
25519,-0.351,0.068,0.616,20.142,4.700,-6.653
25528,-0.338,0.061,0.634,22.217,-1.587,-6.958
25537,-0.328,0.025,0.661,25.635,-9.033,-7.874
25546,-0.327,-0.026,0.683,28.931,-15.564,-8.484
25554,-0.326,-0.075,0.710,29.297,-17.883,-7.751
25563,-0.323,-0.097,0.730,25.879,-15.808,-5.920
25572,-0.325,-0.076,0.756,19.775,-11.353,-3.906
25581,-0.348,-0.042,0.750,12.939,-7.324,-2.380
25590,-0.329,-0.007,0.724,7.446,-5.066,-0.610
25598,-0.322,0.040,0.752,1.282,-6.714,0.122
25607,-0.335,0.061,0.814,-1.648,-13.428,-1.404
25615,-0.357,0.043,0.879,0.671,-22.156,-2.991
25624,-0.382,0.026,0.917,3.967,-28.625,-2.930
25633,-0.394,0.027,0.942,5.127,-30.273,-1.953
25642,-0.396,0.028,0.953,4.700,-27.771,-0.488
25651,-0.398,0.019,0.978,2.930,-24.170,1.160
25659,-0.406,0.027,1.006,-0.427,-19.531,3.357
25668,-0.399,0.080,1.024,-1.648,-13.428,6.226
25677,-0.382,0.120,1.023,1.160,-9.521,8.240
25686,-0.385,0.141,1.017,3.967,-9.705,8.240
25695,-0.383,0.145,1.055,2.563,-10.803,7.019
25704,-0.393,0.131,1.139,-3.479,-10.437,5.798
25712,-0.421,0.120,1.233,-14.587,-4.761,5.066
25721,-0.418,0.126,1.317,-27.893,8.484,6.042
25730,-0.396,0.149,1.361,-37.659,25.269,7.568
25738,-0.380,0.186,1.402,-40.405,37.292,8.240
25747,-0.371,0.205,1.416,-34.363,39.001,10.437
25756,-0.329,0.214,1.418,-22.522,34.363,15.137
25765,-0.280,0.234,1.392,-10.132,31.860,19.226
25773,-0.232,0.262,1.329,1.221,33.508,20.447
25782,-0.189,0.315,1.256,9.094,38.818,19.592
25791,-0.156,0.356,1.175,12.878,44.312,14.587
25800,-0.149,0.360,1.108,13.794,46.509,6.348
25809,-0.156,0.331,1.078,14.221,44.617,-1.709
25818,-0.170,0.295,1.083,15.564,39.612,-7.202
25826,-0.193,0.259,1.085,20.691,35.217,-11.658
25835,-0.212,0.219,1.044,30.029,33.142,-15.015
25844,-0.223,0.188,0.960,40.833,33.569,-16.113
25853,-0.228,0.172,0.859,49.866,34.851,-16.479
25861,-0.238,0.168,0.776,55.115,35.156,-18.250
25870,-0.251,0.131,0.721,58.594,31.738,-21.790
25879,-0.281,0.069,0.665,59.265,25.024,-25.574
25887,-0.309,0.021,0.663,53.284,17.883,-27.893
25896,-0.326,-0.001,0.697,43.945,12.512,-27.466
25905,-0.334,-0.016,0.752,36.499,7.446,-24.475
25914,-0.338,-0.049,0.840,31.555,2.625,-20.142
25923,-0.346,-0.065,0.963,25.879,-0.061,-15.991
25931,-0.365,-0.067,1.097,18.677,0.732,-11.353
25940,-0.377,-0.065,1.240,10.071,6.104,-6.165
25949,-0.380,-0.031,1.359,0.366,17.334,-0.671
25957,-0.343,0.009,1.458,-8.728,31.982,6.226
25966,-0.284,0.063,1.544,-17.151,45.898,13.245
25975,-0.238,0.117,1.628,-24.658,55.542,17.883
25984,-0.220,0.140,1.697,-29.907,62.195,19.714
25993,-0.245,0.135,1.784,-38.818,68.665,19.226
26001,-0.318,0.084,1.890,-56.763,81.909,19.043
26010,-0.385,0.003,1.994,-85.205,106.689,21.118
26019,-0.452,-0.025,2.055,-126.770,142.090,23.437
26028,-0.484,-0.015,2.112,-182.251,190.308,24.902
26037,-0.434,0.051,2.115,-243.103,247.620,25.452
26045,-0.311,0.224,2.039,-299.622,308.289,22.766
26054,-0.169,0.451,1.858,-342.896,365.417,16.479
26063,0.011,0.643,1.660,-372.375,406.311,6.653
26072,0.154,0.761,1.471,-391.907,427.673,-7.507
26081,0.271,0.850,1.344,-411.377,434.937,-25.818
26089,0.354,0.951,1.316,-432.556,438.660,-45.837
26098,0.400,1.030,1.234,-447.144,445.801,-63.110
26107,0.460,1.061,1.175,-452.515,455.811,-76.904
26115,0.521,0.996,1.024,-448.181,462.585,-88.684
26124,0.542,0.891,0.796,-440.125,464.355,-97.778
26133,0.562,0.815,0.509,-437.988,463.379,-101.929
26142,0.600,0.747,0.227,-447.083,461.609,-99.792
26151,0.634,0.728,-0.052,-462.646,455.383,-93.506
26159,0.660,0.752,-0.289,-476.501,440.369,-84.595
26168,0.764,0.797,-0.341,-489.441,415.100,-73.547
26177,0.850,0.937,-0.398,-498.230,382.019,-65.552
26186,0.995,1.021,-0.394,-494.141,353.760,-68.970
26194,0.994,1.035,-0.531,-483.337,325.012,-80.322
26203,0.985,1.030,-0.548,-473.755,295.044,-93.445
26212,0.869,0.951,-0.610,-462.646,266.541,-100.159
26221,0.742,0.837,-0.664,-447.510,251.526,-101.990
26229,0.546,0.661,-0.794,-424.683,233.032,-96.985
26238,0.571,0.458,-0.848,-406.067,211.609,-79.163
26247,0.499,0.323,-0.979,-395.935,186.523,-62.805
26256,0.517,0.300,-0.812,-384.338,170.349,-49.683
26265,0.490,0.280,-0.817,-361.572,131.531,-31.067
26273,0.312,0.215,-0.863,-328.430,87.891,-15.198
26282,0.178,0.127,-0.810,-289.307,69.397,-4.456
26291,0.160,-0.006,-0.639,-262.085,91.248,11.475
26300,0.215,0.025,-0.609,-271.179,104.675,27.283
26308,0.304,0.201,-0.536,-290.344,121.948,31.128
26949,-1.089,-0.650,-1.832,278.992,57.495,51.575
26957,-0.998,0.033,-1.934,220.642,67.078,104.309
26966,-0.744,0.811,-2.073,176.697,82.520,145.325
26975,-0.443,1.401,-2.278,160.583,93.262,162.292
26984,-0.214,1.887,-2.505,158.325,86.731,158.630
26992,-0.162,2.246,-2.685,153.687,70.007,136.658
27001,-0.028,2.181,-2.825,147.461,53.040,110.962
27010,0.069,1.825,-2.775,132.507,35.095,89.111
27019,0.030,1.590,-2.465,99.365,18.127,67.261
27028,0.003,1.443,-2.148,65.491,9.888,49.683
27036,0.025,1.211,-1.921,57.068,7.568,41.748
27045,-0.054,1.030,-1.909,57.068,5.432,33.203
27054,-0.096,0.778,-1.820,68.665,20.020,31.738
27063,0.032,0.577,-1.897,79.834,30.579,43.945
27071,0.053,0.552,-1.892,68.970,20.081,46.875
27080,0.023,0.647,-1.802,49.744,14.771,41.504
27089,0.056,0.683,-1.708,36.133,8.911,36.316
27098,0.085,0.664,-1.673,31.982,-3.113,30.701
27107,-0.011,0.588,-1.406,27.771,-20.020,21.729
27115,-0.213,0.646,-1.140,12.207,-22.217,9.277
27124,-0.292,0.748,-1.150,7.202,5.310,2.380
27133,-0.203,0.867,-1.268,25.635,27.771,8.484
27142,-0.026,0.904,-1.392,56.091,26.428,20.142
27151,0.075,0.802,-1.508,77.698,13.123,25.635
27159,0.106,0.680,-1.523,69.397,0.488,21.790
27168,0.057,0.593,-1.437,30.151,-1.099,11.047
27177,-0.001,0.575,-1.232,-15.747,5.432,-2.197
27186,-0.055,0.651,-0.914,-44.128,11.780,-10.803
27194,-0.110,0.745,-0.642,-40.283,7.080,-12.817
27203,-0.156,0.844,-0.603,-9.583,0.916,-12.512
27212,-0.152,0.820,-0.751,38.879,-0.549,-7.568
27220,-0.119,0.692,-0.996,82.458,-3.296,-0.122
27229,-0.114,0.578,-1.162,98.999,-7.080,4.150
27238,-0.106,0.479,-1.274,86.182,-5.859,4.272
27247,-0.090,0.426,-1.265,50.537,0.916,0.854
27256,-0.085,0.419,-1.192,10.986,9.583,-5.188
27264,-0.104,0.428,-1.101,-12.329,11.169,-11.230
27273,-0.146,0.409,-1.014,-13.855,2.686,-12.878
27282,-0.211,0.382,-0.934,-1.770,-10.742,-10.864
27291,-0.282,0.359,-0.866,12.451,-19.592,-6.409
27299,-0.309,0.375,-0.883,22.583,-17.700,0.183
27308,-0.259,0.426,-0.929,27.039,-9.277,9.033
27317,-0.206,0.502,-0.996,24.048,-2.808,15.259
27326,-0.165,0.577,-1.012,16.113,-0.183,16.907
27335,-0.136,0.640,-0.995,7.263,0.061,15.198
27343,-0.113,0.663,-0.997,3.113,0.305,11.230
27352,-0.115,0.630,-1.004,4.211,-0.610,5.615
27361,-0.146,0.591,-0.994,7.141,-4.700,0.793
27370,-0.195,0.551,-0.949,9.399,-9.460,-1.099
27379,-0.212,0.539,-0.915,7.812,-9.766,0.122
27387,-0.180,0.541,-0.915,3.418,-3.174,2.197
27396,-0.133,0.566,-0.906,-0.549,1.892,3.418
27405,-0.109,0.600,-0.904,-0.793,2.075,3.601
27414,-0.100,0.618,-0.950,3.967,-0.916,3.906
27422,-0.098,0.607,-1.040,9.338,-4.883,4.272
27431,-0.110,0.592,-1.120,9.277,-8.972,4.944
27440,-0.123,0.583,-1.178,2.014,-10.071,4.639
27449,-0.121,0.600,-1.212,-8.667,-8.545,3.601
27457,-0.079,0.684,-1.215,-16.785,-8.179,2.502
27466,-0.036,0.747,-1.194,-15.808,-11.780,0.122
27475,-0.039,0.722,-1.170,-5.554,-20.508,-4.211
27484,-0.070,0.645,-1.162,7.324,-31.616,-8.240
27492,-0.098,0.543,-1.199,15.198,-41.870,-9.338
27501,-0.115,0.478,-1.137,9.399,-48.096,-7.507
27510,-0.090,0.473,-1.048,-9.583,-43.152,-5.798
27518,-0.038,0.507,-1.012,-30.396,-29.114,-7.080
27527,-0.012,0.585,-1.013,-43.213,-18.188,-10.071
27536,-0.009,0.662,-1.014,-44.006,-15.564,-12.207
27545,-0.015,0.699,-1.010,-31.128,-20.630,-12.451
27554,-0.021,0.678,-1.035,-11.414,-29.297,-11.597
27562,-0.012,0.650,-1.105,3.601,-35.706,-11.292
27571,-0.006,0.650,-1.185,7.141,-36.743,-12.390
27580,0.010,0.694,-1.243,-1.221,-33.386,-14.221
27589,0.057,0.768,-1.282,-15.503,-27.039,-16.296
27598,0.101,0.822,-1.315,-27.405,-21.851,-20.264
27606,0.113,0.835,-1.348,-32.654,-22.583,-26.184
27615,0.088,0.805,-1.358,-33.752,-28.015,-32.166
27624,0.056,0.764,-1.352,-35.645,-32.959,-37.170
27633,0.042,0.729,-1.348,-38.513,-33.752,-41.138
27642,0.058,0.712,-1.362,-40.222,-33.020,-43.701
27650,0.082,0.680,-1.415,-38.330,-34.607,-45.410
27659,0.082,0.656,-1.460,-38.025,-39.185,-46.509
27668,0.063,0.668,-1.480,-45.593,-41.016,-47.241
27677,0.062,0.718,-1.497,-59.387,-36.682,-48.767
27685,0.077,0.758,-1.521,-72.449,-31.189,-50.537
27694,0.092,0.776,-1.528,-80.322,-30.457,-52.917
27703,0.098,0.765,-1.506,-82.214,-35.767,-55.420
27712,0.088,0.728,-1.467,-81.299,-43.823,-57.983
27720,0.080,0.661,-1.403,-79.102,-51.392,-60.974
27729,0.063,0.592,-1.326,-77.759,-57.007,-64.026
27738,0.048,0.540,-1.232,-77.515,-60.120,-66.589
27747,0.047,0.502,-1.139,-75.317,-61.462,-67.566
27755,0.043,0.473,-1.082,-70.007,-61.096,-67.749
27764,0.033,0.462,-1.083,-60.242,-59.509,-67.749
27773,0.052,0.442,-1.138,-45.349,-57.556,-65.857
27782,0.086,0.436,-1.246,-29.114,-56.213,-63.293
27791,0.133,0.446,-1.349,-16.663,-53.833,-61.340
27799,0.177,0.458,-1.446,-9.888,-51.331,-60.974
27808,0.208,0.433,-1.527,-7.751,-50.293,-61.584
27817,0.237,0.415,-1.590,-10.681,-51.758,-61.157
27825,0.249,0.414,-1.582,-20.569,-55.237,-58.350
27834,0.254,0.444,-1.508,-39.185,-57.312,-55.603
27843,0.241,0.492,-1.431,-63.293,-52.734,-55.054
27852,0.212,0.560,-1.410,-87.769,-41.748,-55.786
27861,0.239,0.650,-1.409,-110.107,-28.931,-54.504
27869,0.281,0.739,-1.364,-130.188,-17.151,-53.162
27878,0.323,0.820,-1.292,-142.883,-8.972,-55.908
27887,0.322,0.860,-1.244,-143.433,-7.141,-60.242
27896,0.273,0.806,-1.244,-131.836,-15.259,-61.584
27905,0.261,0.761,-1.184,-113.220,-33.691,-56.458
27913,0.221,0.702,-1.085,-96.619,-55.847,-49.866
27922,0.196,0.622,-0.953,-92.957,-68.054,-46.265
27931,0.173,0.555,-0.866,-100.891,-63.904,-47.241
27940,0.171,0.494,-0.796,-118.530,-51.575,-50.476
27949,0.159,0.483,-0.689,-137.695,-39.551,-53.894
27957,0.143,0.517,-0.517,-147.888,-37.842,-54.810
27966,0.134,0.521,-0.339,-141.968,-45.349,-52.917
27975,0.101,0.503,-0.171,-120.911,-57.495,-51.270
27984,0.043,0.415,-0.028,-90.149,-69.702,-50.415
29202,0.408,0.739,-1.498,-52.307,30.334,-28.015
29211,0.388,0.708,-1.560,-52.917,21.118,-31.555
29220,0.376,0.695,-1.565,-57.739,13.306,-33.997
29229,0.373,0.713,-1.558,-64.636,10.620,-35.278
29238,0.397,0.746,-1.579,-70.435,11.902,-36.072
29246,0.434,0.787,-1.635,-73.364,13.428,-37.170
29255,0.451,0.782,-1.717,-73.853,11.536,-39.490
29264,0.455,0.767,-1.771,-74.219,5.737,-42.542
29272,0.447,0.722,-1.793,-76.172,-1.099,-46.326
29281,0.401,0.681,-1.766,-80.383,-8.911,-51.025
29290,0.362,0.667,-1.680,-86.426,-16.724,-53.711
29299,0.339,0.671,-1.584,-92.224,-22.400,-54.199
29308,0.326,0.665,-1.527,-95.825,-24.658,-54.260
29316,0.316,0.666,-1.489,-98.328,-24.902,-54.016
29325,0.321,0.678,-1.479,-101.196,-23.071,-53.406
29334,0.331,0.683,-1.518,-102.478,-19.043,-53.711
29343,0.359,0.661,-1.616,-99.304,-15.137,-54.321
29352,0.382,0.628,-1.698,-93.872,-15.625,-54.321
29360,0.401,0.599,-1.722,-89.294,-20.630,-53.284
29369,0.424,0.590,-1.687,-86.365,-27.039,-52.124
29378,0.424,0.616,-1.635,-87.341,-33.386,-51.697
29387,0.419,0.615,-1.620,-90.942,-38.330,-52.612
29395,0.405,0.628,-1.585,-99.487,-43.823,-52.917
29404,0.377,0.667,-1.502,-111.633,-50.659,-52.979
29412,0.327,0.694,-1.369,-122.864,-55.420,-53.345
29421,0.281,0.705,-1.173,-132.202,-56.580,-52.551
29430,0.247,0.733,-0.959,-138.794,-55.115,-50.354
29439,0.248,0.753,-0.739,-140.503,-51.270,-47.852
29448,0.257,0.768,-0.509,-137.207,-47.791,-45.837
29457,0.253,0.744,-0.284,-129.272,-46.204,-46.021
29465,0.228,0.692,-0.100,-114.929,-43.762,-48.340
29474,0.198,0.606,-0.001,-93.750,-41.626,-50.720
29483,0.152,0.473,0.029,-67.749,-41.260,-52.429
29492,0.103,0.267,-0.012,-40.833,-40.771,-51.331
29501,0.090,0.055,-0.080,-23.010,-40.894,-47.607
29509,0.064,-0.168,-0.138,-23.804,-39.490,-42.114
29518,0.015,-0.323,-0.141,-49.072,-33.691,-38.452
29527,-0.028,-0.367,-0.104,-96.497,-17.883,-35.583
29535,-0.040,-0.310,-0.028,-146.790,4.028,-30.884
29544,-0.014,-0.228,0.043,-183.289,23.132,-23.437
29553,0.020,-0.146,0.089,-198.547,36.133,-15.625
29562,0.061,-0.083,0.078,-191.711,42.236,-10.437
29570,0.130,-0.041,0.006,-165.588,41.504,-6.470
29579,0.182,-0.026,-0.085,-128.174,31.311,-5.371
29588,0.185,-0.041,-0.172,-85.876,14.954,-6.592
29597,0.175,-0.088,-0.269,-43.884,-2.686,-7.324
29606,0.142,-0.153,-0.396,-10.010,-20.203,-7.019
29614,0.112,-0.280,-0.588,10.986,-33.386,-6.531
29623,0.072,-0.366,-0.761,10.193,-39.978,-6.104
29632,0.057,-0.414,-0.861,-10.986,-34.058,-4.456
29641,0.072,-0.390,-0.883,-43.152,-18.127,-3.845
29650,0.115,-0.334,-0.824,-76.111,-1.831,-3.662
29658,0.145,-0.255,-0.738,-100.098,10.620,-3.540
29667,0.170,-0.177,-0.649,-109.802,17.700,-3.723
29676,0.201,-0.129,-0.581,-104.858,18.311,-3.906
29684,0.223,-0.108,-0.546,-88.318,15.564,-4.272
29693,0.236,-0.118,-0.541,-63.965,11.414,-5.798
29702,0.239,-0.156,-0.547,-36.804,6.592,-7.751
29711,0.219,-0.237,-0.575,-12.146,1.160,-8.423
29720,0.188,-0.303,-0.613,1.892,-3.662,-7.874
29729,0.179,-0.354,-0.679,3.479,-2.747,-6.897
29737,0.182,-0.378,-0.736,-6.348,3.113,-7.202
29746,0.209,-0.398,-0.784,-22.461,9.888,-7.751
29755,0.241,-0.388,-0.807,-38.208,13.306,-7.568
29764,0.257,-0.339,-0.785,-49.927,11.536,-7.629
29772,0.276,-0.282,-0.738,-53.589,5.798,-7.690
29781,0.283,-0.255,-0.685,-47.668,-2.319,-7.751
29790,0.269,-0.253,-0.632,-35.461,-10.254,-7.812
29798,0.249,-0.276,-0.592,-21.851,-13.428,-8.606
29807,0.231,-0.299,-0.583,-10.132,-11.230,-10.071
29816,0.221,-0.316,-0.608,-1.709,-6.958,-12.146
29825,0.220,-0.333,-0.642,5.005,-3.967,-13.977
29834,0.202,-0.330,-0.669,10.193,-4.517,-15.198
29843,0.189,-0.322,-0.710,14.893,-9.216,-15.991
29851,0.172,-0.350,-0.732,17.944,-16.663,-16.602
29860,0.175,-0.445,-0.711,17.639,-25.146,-15.503
29869,0.145,-0.522,-0.632,9.644,-31.250,-14.587
29878,0.114,-0.523,-0.511,-6.470,-30.334,-15.564
29887,0.118,-0.474,-0.382,-23.010,-22.766,-17.029
29895,0.091,-0.398,-0.267,-31.738,-13.794,-19.409
29904,0.036,-0.303,-0.198,-28.564,-7.202,-19.897
29913,0.018,-0.239,-0.182,-15.137,-3.723,-17.822
29922,0.002,-0.258,-0.177,3.723,-5.432,-15.259
29930,-0.094,-0.279,-0.140,19.531,-11.536,-14.587
29939,-0.218,-0.306,-0.052,27.222,-14.282,-16.296
29948,-0.395,-0.317,0.127,26.367,-11.108,-19.348
29956,-0.550,-0.272,0.368,21.057,-5.066,-19.531
29965,-0.613,-0.161,0.608,18.616,0.793,-13.733
29974,-0.589,-0.057,0.832,21.179,4.578,-4.272
29983,-0.550,0.031,1.028,23.132,9.277,4.700
29991,-0.550,0.121,1.226,23.499,20.508,8.057
30000,-0.581,0.245,1.410,28.198,40.222,6.348
30009,-0.623,0.413,1.478,44.800,62.439,3.967
30018,-0.601,0.481,1.426,82.520,75.745,3.540
30027,-0.588,0.443,1.315,132.385,76.172,6.836
30035,-0.547,0.265,1.137,184.265,73.792,12.878
30044,-0.434,-0.158,0.861,235.413,74.463,18.250
30053,-0.472,-0.556,0.553,272.827,75.439,21.729
30061,-0.701,-0.667,0.147,290.405,83.557,33.569
30070,-0.778,-0.460,-0.386,295.776,102.966,65.430
30079,-0.641,-0.079,-1.012,301.392,118.652,112.427
30088,-0.370,0.310,-1.617,309.570,119.385,159.973
30097,-0.079,0.714,-2.104,308.655,104.492,195.190
30106,0.203,1.058,-2.385,292.786,86.609,209.961
30115,0.380,1.442,-2.422,266.785,70.251,206.360
30123,0.357,1.997,-2.359,237.976,55.481,195.251
30132,0.496,2.491,-2.349,215.759,50.476,186.401
30141,0.801,2.591,-2.491,211.182,53.772,173.035
30150,0.947,2.391,-2.648,212.708,49.316,146.423
30158,0.881,1.972,-2.836,209.167,36.133,117.737
30167,0.806,1.570,-2.866,189.514,20.142,96.558
30176,0.817,1.258,-2.700,146.057,12.939,82.153
30185,0.758,1.051,-2.475,99.854,18.921,65.613
30193,0.623,0.972,-2.151,69.885,24.658,49.805
30202,0.643,0.807,-1.988,63.782,20.935,46.021
30211,0.324,0.813,-2.069,71.472,9.766,44.495
30220,0.384,0.557,-1.771,101.379,11.963,55.359
30229,0.463,0.428,-1.789,113.586,20.996,67.261
30237,0.409,0.439,-1.817,94.238,12.695,64.636
32622,0.211,0.169,2.090,12.512,-77.271,-18.860
32631,0.098,0.117,2.079,14.282,-63.721,-15.015
32640,0.094,0.100,2.014,17.090,-41.321,-5.676
32649,0.106,0.138,1.793,17.151,-21.179,6.165
32658,0.148,0.198,1.535,13.794,-4.578,16.541
32666,0.223,0.286,1.269,9.644,7.202,23.682
32675,0.328,0.398,1.096,6.897,10.742,25.757
32683,0.395,0.451,1.019,9.644,3.967,20.142
32692,0.385,0.427,0.987,16.174,-8.972,9.399
32701,0.338,0.355,0.997,19.104,-20.752,-2.869
32710,0.263,0.299,1.028,14.160,-26.001,-13.062
32719,0.172,0.240,1.087,6.042,-25.757,-21.362
32727,0.082,0.154,1.163,0.366,-22.095,-27.039
32736,-0.005,0.077,1.206,-2.869,-15.442,-28.687
32745,-0.054,0.023,1.199,-2.319,-7.874,-25.879
32754,-0.088,-0.002,1.142,2.014,-2.258,-20.386
32763,-0.110,-0.012,1.047,8.301,0.000,-14.343
32772,-0.107,-0.012,0.959,14.404,0.000,-8.301
32780,-0.089,0.003,0.908,17.883,-2.075,-3.906
32789,-0.061,0.016,0.876,18.799,-5.798,-2.014
32798,-0.039,0.010,0.854,17.822,-9.094,-2.625
32806,-0.029,-0.007,0.854,15.320,-12.390,-4.578
32815,-0.031,-0.030,0.889,10.864,-15.503,-6.836
32824,-0.045,-0.039,0.937,6.226,-16.907,-8.301
32833,-0.070,-0.030,0.997,3.479,-16.357,-8.301
32842,-0.091,-0.014,1.064,3.296,-16.113,-6.348
32850,-0.100,-0.002,1.110,6.165,-15.564,-3.540
32859,-0.105,0.023,1.128,10.559,-14.465,0.061
32868,-0.092,0.057,1.127,14.648,-12.512,4.028
32876,-0.065,0.088,1.098,18.921,-10.803,6.531
32885,-0.037,0.093,1.061,21.851,-10.254,7.263
32894,-0.018,0.086,1.023,22.156,-10.437,7.019
32903,-0.008,0.093,0.988,18.982,-9.460,6.714
32912,-0.009,0.120,0.972,13.794,-7.690,6.226
32921,-0.019,0.156,0.985,8.850,-6.775,4.700
32929,-0.047,0.177,1.005,7.568,-7.751,2.808
32938,-0.067,0.178,1.032,9.155,-9.644,1.831
32946,-0.085,0.176,1.053,11.719,-10.986,1.892
32955,-0.092,0.168,1.043,14.587,-10.925,2.502
32964,-0.080,0.163,1.014,16.907,-9.521,4.150
32973,-0.054,0.162,0.979,17.944,-8.423,6.104
32982,-0.032,0.149,0.941,17.944,-8.423,6.836
32990,-0.019,0.144,0.913,14.954,-8.545,5.981
32999,-0.015,0.140,0.915,8.728,-9.033,3.174
33008,-0.035,0.137,0.958,1.587,-10.193,-0.427
33017,-0.062,0.136,1.010,-3.540,-11.047,-3.296
33026,-0.086,0.126,1.057,-3.906,-10.803,-4.578
33035,-0.107,0.111,1.077,-1.038,-10.498,-4.578
33043,-0.114,0.089,1.069,3.601,-9.338,-3.479
33052,-0.114,0.073,1.059,7.385,-8.545,-2.197
33061,-0.109,0.055,1.043,9.583,-7.812,-0.671
33069,-0.106,0.037,1.026,10.071,-6.348,0.793
33078,-0.102,0.037,1.021,7.446,-4.517,1.892
33087,-0.104,0.040,1.022,3.418,-2.625,1.709
33096,-0.110,0.036,1.027,-0.244,-1.526,0.977
33105,-0.110,0.028,1.033,-3.174,-0.671,0.732
33114,-0.106,0.022,1.041,-4.395,-0.183,1.282
33122,-0.094,0.005,1.043,-3.357,0.000,2.930
33131,-0.077,-0.017,1.041,-1.038,-0.549,4.883
33139,-0.063,-0.045,1.044,0.427,-1.282,6.714
33148,-0.060,-0.066,1.059,-0.427,-1.831,8.240
33157,-0.051,-0.067,1.086,-2.747,-1.282,10.010
33166,-0.041,-0.067,1.124,-4.883,-0.549,11.658
33175,-0.039,-0.079,1.169,-6.165,-0.061,12.634
33183,-0.023,-0.090,1.213,-6.714,0.916,14.221
33192,0.005,-0.113,1.253,-5.310,2.625,16.296
33201,0.029,-0.157,1.295,-2.075,3.479,18.738
33210,0.056,-0.199,1.351,-0.366,3.723,21.423
33219,0.057,-0.222,1.416,-2.380,5.615,24.414
33228,0.048,-0.225,1.495,-7.324,10.132,26.733
33236,0.038,-0.215,1.564,-12.390,17.517,29.419
33245,0.033,-0.204,1.609,-14.954,26.489,32.776
33253,0.044,-0.203,1.624,-13.794,34.607,37.109
33262,0.061,-0.193,1.626,-11.169,41.504,42.053
33271,0.068,-0.165,1.640,-9.033,47.546,46.753
33280,0.073,-0.150,1.656,-7.996,54.260,50.598
33289,0.073,-0.140,1.653,-7.812,62.378,54.749
33297,0.077,-0.108,1.647,-9.460,71.106,59.326
33306,0.073,-0.074,1.635,-11.902,79.163,63.599
33315,0.087,-0.057,1.613,-14.893,86.670,67.017
33324,0.110,-0.043,1.593,-17.395,93.567,70.313
33332,0.124,-0.019,1.595,-19.653,98.389,73.059
33341,0.129,-0.002,1.605,-21.973,101.440,74.890
33350,0.127,0.043,1.640,-24.902,105.469,77.087
33359,0.144,0.099,1.679,-27.710,111.145,80.383
33368,0.185,0.151,1.705,-28.992,118.103,82.581
33376,0.193,0.214,1.735,-29.175,124.146,84.167
33385,0.198,0.241,1.755,-28.625,128.174,82.703
33394,0.179,0.222,1.776,-29.480,132.751,78.369
33403,0.139,0.223,1.796,-34.302,139.954,74.585
33411,0.090,0.244,1.798,-39.856,149.902,72.937
33420,0.072,0.275,1.779,-43.945,161.743,73.975
33429,0.062,0.311,1.737,-46.204,173.828,75.928
33438,0.061,0.344,1.682,-46.509,182.190,76.721
33447,0.052,0.345,1.628,-46.143,187.988,75.439
33455,0.048,0.308,1.559,-47.058,192.200,71.716
33464,0.059,0.271,1.477,-51.208,196.899,67.688
33473,0.069,0.238,1.367,-58.960,201.050,64.392
33482,0.082,0.217,1.241,-67.993,204.346,61.584
33491,0.101,0.208,1.126,-76.538,204.346,59.326
33499,0.105,0.198,1.025,-83.130,200.195,57.007
33508,0.111,0.183,0.934,-88.623,194.214,55.542
33517,0.127,0.170,0.850,-94.482,188.782,54.810
33525,0.143,0.182,0.768,-101.685,182.678,54.260
33534,0.140,0.213,0.704,-107.910,178.040,53.467
33543,0.166,0.250,0.642,-112.000,175.232,53.284
33552,0.193,0.284,0.570,-113.098,169.128,52.856
33561,0.218,0.299,0.514,-110.596,161.926,51.514
33569,0.250,0.295,0.474,-106.323,154.053,49.194
33578,0.303,0.271,0.420,-100.464,146.484,47.180
33587,0.347,0.270,0.339,-95.947,139.526,46.326
33596,0.412,0.295,0.244,-95.093,132.996,46.509
33604,0.472,0.351,0.116,-97.717,127.319,47.607
33613,0.524,0.472,0.015,-102.966,122.559,47.729
33622,0.554,0.647,-0.025,-105.164,116.272,46.265
33631,0.575,0.784,0.002,-95.276,104.980,39.307
33640,0.541,0.798,0.072,-70.740,84.045,21.729
33648,0.442,0.721,0.155,-41.931,58.167,-2.197
33657,0.313,0.567,0.221,-19.104,41.138,-25.208
34464,0.328,0.086,1.925,30.884,-133.728,-31.372
34473,0.231,-0.001,1.889,18.127,-110.535,-40.344
34481,0.167,-0.033,1.763,13.672,-84.656,-38.757
34490,0.150,0.033,1.575,18.250,-67.993,-24.231
34499,0.237,0.130,1.498,32.349,-63.843,-3.906
34507,0.372,0.192,1.586,49.988,-73.853,12.573
34516,0.432,0.220,1.673,62.805,-86.487,18.860
34525,0.457,0.220,1.718,62.927,-88.562,16.785
34534,0.446,0.212,1.719,47.546,-80.322,11.047
34543,0.405,0.243,1.702,21.301,-65.186,4.944
34551,0.354,0.306,1.690,-3.418,-47.363,0.366
34560,0.324,0.367,1.724,-17.944,-34.241,-2.869
34569,0.274,0.416,1.771,-20.935,-28.320,-5.554
34578,0.230,0.420,1.775,-10.498,-23.804,-7.263
34587,0.201,0.394,1.697,8.911,-17.822,-7.202
34595,0.181,0.350,1.544,30.090,-10.925,-5.310
34604,0.156,0.284,1.337,45.837,-4.089,-3.418
34613,0.156,0.245,1.113,50.476,1.831,-0.183
34621,0.170,0.241,0.956,43.091,5.676,3.113
34630,0.185,0.261,0.893,26.978,5.981,4.028
34639,0.176,0.288,0.890,9.094,5.676,2.625
34648,0.146,0.338,0.906,-3.906,6.226,0.427
34657,0.136,0.384,0.958,-9.460,5.737,-2.197
34665,0.104,0.410,1.012,-5.493,2.014,-5.066
34674,0.067,0.385,1.053,6.592,-2.869,-9.033
34683,0.024,0.318,1.075,18.005,-7.324,-12.878
34692,-0.026,0.249,1.066,23.437,-8.179,-15.564
34701,-0.052,0.190,1.025,21.790,-4.517,-15.869
34709,-0.054,0.161,0.990,15.869,0.061,-13.489
34718,-0.043,0.160,0.964,8.057,3.418,-9.583
34727,-0.032,0.186,0.906,0.916,7.263,-4.639
34735,0.004,0.222,0.858,-4.700,9.705,-0.610
34744,0.037,0.249,0.833,-8.972,8.545,1.465
34753,0.057,0.282,0.857,-10.376,4.028,1.709
34762,0.066,0.294,0.905,-8.728,-1.526,-0.122
34771,0.051,0.282,0.959,-6.348,-6.653,-3.601
34779,0.024,0.260,1.001,-5.249,-9.521,-7.446
34788,0.007,0.233,1.022,-4.578,-9.766,-9.949
34797,-0.002,0.195,1.027,-4.578,-8.606,-10.986
34806,-0.014,0.172,1.018,-6.897,-6.470,-10.681
34815,-0.014,0.184,1.007,-10.498,-2.869,-9.155
34823,0.013,0.236,1.034,-12.573,-0.854,-6.226
34832,0.044,0.267,1.077,-10.132,-2.136,-4.639
34841,0.050,0.270,1.125,-4.211,-6.042,-5.920
34849,0.039,0.254,1.144,2.869,-9.033,-7.996
34858,0.032,0.227,1.151,8.423,-10.376,-9.583
34867,0.000,0.169,1.175,8.118,-10.193,-10.925
34876,-0.039,0.104,1.188,0.061,-5.310,-10.742
34885,-0.042,0.088,1.166,-13.733,5.981,-7.568
34893,-0.017,0.121,1.115,-25.696,19.470,-2.747
34902,0.015,0.158,1.080,-30.273,25.696,0.671
34911,0.015,0.161,1.049,-26.550,25.146,1.465
34920,-0.008,0.152,1.000,-17.456,21.912,0.366
34929,-0.028,0.149,0.940,-7.629,20.081,-0.671
34937,-0.056,0.130,0.863,1.282,19.836,-3.235
34946,-0.099,0.084,0.790,6.897,19.348,-8.423
34955,-0.158,0.006,0.701,9.216,19.043,-14.343
34964,-0.209,-0.077,0.624,8.545,17.700,-16.418
34972,-0.224,-0.137,0.567,5.005,15.930,-12.878
34981,-0.217,-0.166,0.506,0.916,14.221,-5.981
34990,-0.173,-0.150,0.489,-2.563,10.193,1.892
34998,-0.142,-0.097,0.517,-2.686,2.686,9.033
35007,-0.112,-0.060,0.564,3.235,-6.104,13.000
35016,-0.104,-0.056,0.596,12.817,-14.832,13.428
35025,-0.091,-0.058,0.625,20.874,-20.874,11.963
35034,-0.076,-0.093,0.677,26.062,-24.109,9.338
35042,-0.092,-0.176,0.726,29.968,-27.527,5.676
35051,-0.094,-0.291,0.770,32.532,-31.067,4.822
35060,-0.065,-0.378,0.846,32.410,-36.011,8.484
35069,-0.022,-0.401,0.987,29.480,-42.969,15.991
35078,0.040,-0.381,1.177,26.672,-48.706,24.963
35087,0.145,-0.370,1.386,25.330,-49.011,33.264
35095,0.218,-0.390,1.569,25.940,-43.762,39.551
35104,0.248,-0.407,1.751,24.048,-37.048,45.044
35112,0.262,-0.369,1.922,17.090,-27.588,52.795
35121,0.294,-0.246,2.095,6.958,-13.855,63.843
35130,0.362,-0.072,2.266,-0.610,1.343,75.378
35139,0.422,0.077,2.397,-2.014,15.442,83.130
35148,0.420,0.175,2.474,-0.061,28.870,86.548
35156,0.406,0.244,2.500,0.488,45.044,88.867
35165,0.410,0.321,2.489,-2.930,65.369,91.858
35174,0.431,0.430,2.483,-9.766,86.670,94.482
35183,0.442,0.532,2.475,-15.991,105.530,94.604
35192,0.443,0.598,2.453,-18.311,121.216,92.834
35201,0.421,0.611,2.395,-18.311,135.681,89.722
35209,0.362,0.616,2.289,-19.836,150.330,86.121
35218,0.301,0.636,2.200,-25.513,164.673,83.374
35227,0.248,0.634,2.122,-35.400,176.392,81.055
35236,0.235,0.624,2.078,-47.241,187.622,79.895
35244,0.240,0.602,2.029,-58.350,198.730,79.285
35253,0.244,0.577,1.958,-68.726,209.106,77.271
35261,0.227,0.594,1.870,-78.979,220.154,74.158
35270,0.204,0.645,1.771,-88.257,230.103,71.777
35279,0.181,0.692,1.613,-93.079,239.136,68.115
35288,0.170,0.695,1.445,-94.177,245.361,62.744
35297,0.197,0.634,1.219,-93.384,249.268,55.908
35305,0.184,0.575,0.964,-94.910,248.413,48.279
35314,0.201,0.542,0.743,-101.929,240.417,42.603
35323,0.263,0.539,0.608,-112.549,224.670,38.696
35332,0.275,0.606,0.585,-126.282,201.660,33.447
35341,0.270,0.664,0.636,-138.794,177.795,24.109
35350,0.249,0.695,0.758,-146.973,158.081,9.277
35358,0.169,0.693,0.860,-146.790,141.235,-7.141
35367,0.074,0.648,0.968,-134.338,129.395,-22.583
35375,-0.019,0.551,1.007,-112.915,119.812,-34.668
35384,-0.035,0.411,0.981,-87.646,116.577,-41.504
35393,-0.017,0.280,0.891,-66.528,117.493,-44.922
35402,-0.043,0.184,0.721,-52.551,121.155,-44.922
35411,-0.050,0.126,0.521,-45.776,125.427,-42.297
35419,-0.012,0.123,0.364,-46.204,127.197,-36.743
35428,0.013,0.170,0.293,-50.537,123.779,-31.006
35437,0.006,0.198,0.286,-52.307,114.746,-30.273
35446,-0.022,0.211,0.325,-49.744,102.234,-33.875
35455,-0.024,0.175,0.354,-44.739,90.576,-39.673
35464,-0.026,0.112,0.376,-40.283,83.801,-47.363
35472,-0.041,0.024,0.342,-36.255,82.275,-52.307
35481,-0.010,-0.026,0.280,-31.433,83.557,-51.636
35490,0.003,-0.061,0.241,-26.001,82.642,-46.204
35499,-0.013,-0.091,0.255,-22.034,78.674,-39.490
36130,-0.052,-0.136,2.552,26.306,-196.472,-62.561
36139,0.032,-0.140,2.453,56.396,-176.208,-44.983
36148,0.206,-0.021,2.097,84.595,-161.804,-23.621
36156,0.318,0.072,2.063,97.473,-150.391,-16.785
36165,0.370,0.127,1.932,90.576,-142.029,-15.625
36173,0.391,0.121,1.757,69.946,-154.053,-11.719
36182,0.456,0.161,1.896,45.471,-146.973,-19.592
36191,0.465,0.108,1.966,27.832,-142.029,-32.471
36200,0.417,0.022,2.111,26.245,-147.034,-41.687
36209,0.473,-0.119,2.308,38.269,-136.230,-40.833
36217,0.506,-0.265,2.402,49.072,-124.817,-35.034
36226,0.489,-0.297,2.435,47.668,-105.896,-22.461
36235,0.500,-0.187,2.402,34.607,-75.989,-4.700
36244,0.547,0.026,2.403,15.747,-48.218,12.512
36253,0.609,0.215,2.394,2.747,-27.222,23.621
36262,0.592,0.343,2.293,-1.587,-14.221,26.184
36270,0.520,0.408,2.040,-0.061,-1.953,24.963
36279,0.515,0.446,1.831,4.089,17.456,23.804
36288,0.521,0.537,1.467,11.414,33.142,22.949
36296,0.523,0.573,1.124,23.193,38.879,20.020
36305,0.497,0.556,0.851,34.119,31.189,14.099
36314,0.465,0.508,0.726,35.889,17.822,6.409
36323,0.377,0.445,0.691,25.208,4.700,-1.526
36331,0.277,0.415,0.739,6.348,-1.465,-7.568
36340,0.198,0.404,0.788,-10.681,-0.183,-10.986
36349,0.149,0.391,0.817,-20.752,3.235,-11.353
36358,0.126,0.372,0.822,-20.691,6.531,-9.949
36367,0.131,0.354,0.806,-11.475,7.080,-8.789
36375,0.130,0.334,0.798,0.732,2.441,-8.728
36384,0.116,0.309,0.853,11.047,-6.897,-11.475
36393,0.085,0.260,0.939,17.212,-16.357,-16.479
36402,0.057,0.198,1.040,19.226,-21.301,-21.545
36411,0.021,0.128,1.123,18.311,-22.888,-24.963
36419,-0.012,0.044,1.152,15.808,-20.630,-25.024
36428,-0.008,-0.010,1.115,12.573,-13.916,-20.447
36437,0.032,-0.034,1.074,9.521,-6.165,-13.000
36445,0.072,-0.020,1.068,6.653,-2.808,-6.226
36454,0.110,0.022,1.105,3.235,-2.380,-1.404
36463,0.152,0.067,1.166,-0.488,-2.136,1.526
36472,0.163,0.110,1.223,-2.991,-1.770,1.892
36481,0.148,0.127,1.259,-2.991,-1.038,1.160
36489,0.131,0.119,1.259,-0.977,0.671,2.014
36498,0.125,0.114,1.230,0.122,4.700,5.249
36507,0.133,0.145,1.157,-1.038,10.376,10.315
36516,0.164,0.215,1.093,-3.906,15.503,16.296
36525,0.206,0.296,1.087,-7.874,16.602,20.630
36533,0.234,0.376,1.118,-11.230,13.672,20.508
36542,0.242,0.435,1.181,-13.489,10.559,16.174
36551,0.230,0.453,1.221,-13.123,8.972,8.606
36560,0.189,0.427,1.231,-11.353,8.362,-0.061
36568,0.141,0.375,1.202,-9.277,8.667,-6.714
36577,0.088,0.291,1.195,-8.484,9.277,-12.512
36586,-0.007,0.196,1.208,-11.841,11.292,-15.991
36594,-0.073,0.116,1.197,-18.860,19.287,-16.174
36603,-0.117,0.069,1.152,-26.672,31.311,-13.611
36612,-0.150,0.044,1.098,-31.250,42.053,-10.132
36621,-0.188,0.012,1.033,-29.297,48.096,-7.202
36630,-0.229,-0.035,0.981,-20.508,49.011,-4.822
36638,-0.269,-0.098,0.921,-7.629,45.227,-1.770
36647,-0.297,-0.182,0.849,5.615,38.818,3.174
36656,-0.304,-0.268,0.771,14.893,33.081,10.193
36665,-0.296,-0.335,0.690,16.479,28.625,17.456
36674,-0.275,-0.360,0.634,10.437,25.940,25.085
36682,-0.261,-0.333,0.620,1.526,24.292,31.738
36691,-0.244,-0.303,0.621,-4.456,21.729,37.170
36700,-0.235,-0.275,0.634,-6.470,17.700,41.138
36709,-0.224,-0.256,0.649,-2.747,14.038,43.762
36718,-0.184,-0.269,0.642,5.859,10.315,45.654
36726,-0.136,-0.295,0.605,15.442,6.592,46.692
36735,-0.105,-0.307,0.563,24.231,2.380,46.448
36744,-0.075,-0.373,0.522,31.128,-2.808,45.715
36752,-0.087,-0.470,0.484,31.616,-9.644,45.410
36761,-0.124,-0.511,0.516,22.583,-16.846,48.340
36770,-0.179,-0.470,0.637,8.179,-21.790,57.800
36779,-0.184,-0.329,0.774,-2.686,-22.705,75.500
36788,-0.122,-0.118,0.911,-4.578,-21.118,96.313
36796,-0.040,0.078,1.005,5.005,-21.057,110.535
36805,0.045,0.226,1.036,24.536,-22.583,116.211
36814,0.116,0.302,1.034,44.067,-25.269,113.281
36823,0.125,0.298,1.012,55.786,-26.245,103.333
36831,0.104,0.249,0.999,58.655,-26.123,93.445
36840,0.073,0.240,1.022,54.626,-26.123,89.355
36849,0.058,0.287,1.081,46.875,-26.123,92.163
36858,0.057,0.393,1.142,40.222,-22.766,98.755
36866,0.093,0.501,1.167,36.255,-15.869,105.835
36875,0.107,0.579,1.154,36.926,-9.399,109.314
36884,0.105,0.594,1.083,42.908,-6.531,108.826
36893,0.104,0.583,1.009,49.377,-7.385,106.262
36902,0.087,0.581,0.948,52.490,-11.719,101.868
36910,0.082,0.586,0.917,51.453,-17.212,96.191
36919,0.056,0.599,0.922,46.143,-23.010,90.149
36928,0.029,0.628,0.946,37.842,-26.306,85.754
36937,0.018,0.649,0.971,29.236,-25.879,83.496
36946,0.019,0.658,0.999,21.851,-24.414,81.848
36954,0.019,0.660,0.997,15.381,-21.667,80.688
36963,0.037,0.663,1.000,9.949,-17.883,78.979
36971,0.055,0.678,0.999,5.249,-15.137,75.439
36980,0.071,0.689,1.000,1.892,-14.465,69.031
36989,0.073,0.699,1.030,-2.258,-16.357,61.096
36998,0.070,0.720,1.099,-6.958,-17.822,52.490
37007,0.098,0.728,1.172,-10.071,-16.541,44.434
37016,0.051,0.736,1.168,-10.498,-17.029,34.790
37024,0.054,0.666,1.215,-6.531,-15.381,27.283
37033,0.032,0.583,1.239,-0.244,-15.991,21.606
37042,0.023,0.479,1.239,4.883,-16.907,17.212
37051,-0.016,0.394,1.239,5.554,-16.724,14.343
37060,-0.039,0.333,1.252,-0.061,-13.062,13.184
37068,-0.039,0.326,1.243,-10.132,-7.263,12.573
37077,-0.032,0.349,1.270,-21.729,-2.258,11.597
37086,-0.055,0.385,1.325,-31.494,-0.122,10.193
37095,-0.064,0.403,1.361,-35.278,0.916,8.484
37103,-0.052,0.420,1.377,-34.119,1.892,7.568
37112,-0.056,0.453,1.397,-29.053,1.038,7.690
37121,-0.051,0.452,1.406,-21.301,0.244,7.568
37130,-0.037,0.438,1.390,-16.113,1.404,6.165
37138,-0.021,0.464,1.378,-16.907,5.371,4.944
37147,-0.002,0.494,1.409,-23.499,10.803,3.784
37156,0.014,0.546,1.447,-33.508,19.226,1.465
37164,0.030,0.644,1.476,-42.480,28.503,-1.587
37814,1.202,1.353,-0.077,28.687,-28.564,102.844
37822,1.045,1.160,0.390,-2.380,-54.138,56.213
37831,0.709,0.823,0.674,-25.391,-52.795,17.334
37840,0.541,0.504,0.696,-32.837,-35.278,2.686
37848,0.458,0.274,0.535,-22.827,-17.395,8.606
37857,0.384,0.224,0.369,-3.357,-11.597,23.865
37866,0.357,0.314,0.412,13.062,-21.301,41.199
37875,0.401,0.409,0.523,24.475,-36.133,57.129
37884,0.455,0.492,0.628,27.222,-43.213,65.063
37893,0.438,0.525,0.637,18.005,-41.443,62.622
37901,0.438,0.468,0.670,3.052,-36.011,52.612
37910,0.393,0.370,0.704,-7.996,-31.128,44.128
37918,0.327,0.313,0.745,-8.484,-25.208,40.588
37927,0.238,0.299,0.777,2.319,-23.071,42.969
37936,0.216,0.317,0.815,22.705,-28.015,54.260
37945,0.220,0.376,0.849,45.898,-35.645,69.336
37954,0.247,0.425,0.823,65.186,-38.269,80.872
37963,0.329,0.372,0.677,78.064,-32.715,84.595
37971,0.405,0.298,0.439,80.566,-24.231,82.825
37980,0.481,0.277,0.199,71.655,-15.991,79.651
37989,0.540,0.235,0.021,60.364,-14.099,74.097
37998,0.520,0.200,-0.027,50.537,-22.827,68.787
38007,0.480,0.207,0.069,43.945,-35.767,69.946
38015,0.438,0.275,0.252,45.105,-51.819,77.881
38024,0.411,0.387,0.460,53.467,-68.848,88.135
38033,0.380,0.507,0.679,64.514,-80.139,94.543
38042,0.348,0.561,0.767,77.637,-84.229,91.125
38050,0.251,0.484,0.797,84.900,-82.336,78.247
38059,0.156,0.316,0.825,82.336,-77.759,62.622
38068,0.068,0.116,0.810,74.524,-68.970,53.345
38076,0.091,0.002,0.826,66.833,-61.035,59.448
38085,0.176,0.113,0.895,57.068,-58.777,81.299
38094,0.372,0.367,0.889,54.382,-55.054,108.215
38103,0.576,0.598,0.756,63.538,-49.194,127.625
38112,0.701,0.831,0.581,76.904,-48.157,133.911
38120,0.798,0.993,0.412,91.309,-54.199,125.000
38129,0.833,1.008,0.339,100.525,-70.679,100.098
38138,0.750,0.911,0.455,95.215,-92.957,66.772
38147,0.620,0.791,0.678,78.918,-107.849,39.612
38156,0.511,0.672,0.937,62.012,-110.840,22.766
38164,0.404,0.563,1.122,51.697,-104.187,16.602
38173,0.341,0.485,1.200,45.166,-89.050,20.020
38182,0.340,0.424,1.161,42.603,-68.970,28.442
38191,0.336,0.395,1.039,45.288,-52.673,36.133
38199,0.326,0.397,0.934,51.758,-49.133,41.565
38208,0.329,0.459,0.942,57.617,-60.791,47.668
38217,0.338,0.532,1.025,61.829,-81.787,54.504
38225,0.352,0.604,1.154,62.134,-99.060,58.289
38235,0.341,0.694,1.301,56.824,-107.727,56.824
38243,0.338,0.725,1.419,50.110,-106.384,50.232
38252,0.250,0.661,1.406,42.847,-98.816,41.870
38261,0.271,0.625,1.609,34.912,-81.604,31.799
38270,0.183,0.566,1.406,28.503,-77.026,29.602
38279,0.187,0.541,1.436,30.457,-77.820,28.259
38287,0.194,0.542,1.465,38.208,-76.050,28.137
38296,0.208,0.546,1.449,48.706,-72.083,30.762
38305,0.216,0.532,1.413,57.068,-67.139,32.715
38314,0.198,0.528,1.355,59.998,-59.204,32.166
38322,0.192,0.504,1.273,57.739,-52.063,31.494
38331,0.210,0.467,1.260,48.950,-48.523,30.457
38340,0.229,0.444,1.312,33.020,-46.570,29.114
38348,0.245,0.443,1.364,16.418,-40.100,27.344
38357,0.241,0.468,1.353,5.554,-31.067,25.391
38366,0.229,0.490,1.304,1.221,-24.658,23.560
38375,0.212,0.498,1.225,2.380,-20.874,21.423
38383,0.174,0.491,1.140,7.080,-20.142,18.005
38392,0.131,0.463,1.057,14.465,-21.240,14.343
38401,0.093,0.425,0.996,21.362,-23.743,11.719
38410,0.069,0.402,0.962,26.001,-26.855,10.986
38419,0.071,0.375,0.938,28.564,-29.175,11.475
38427,0.069,0.333,0.897,29.236,-30.579,12.146
38436,0.085,0.282,0.879,26.062,-30.640,12.024
38445,0.069,0.262,0.894,20.020,-30.640,10.620
38453,0.054,0.246,0.932,16.296,-30.151,8.423
38462,0.035,0.213,0.965,16.479,-29.541,6.348
38471,-0.005,0.198,1.001,19.348,-31.799,5.249
38480,-0.044,0.196,1.050,22.949,-34.607,5.615
38489,-0.053,0.180,1.055,24.841,-35.889,6.897
38498,-0.072,0.199,1.063,22.095,-34.607,7.324
38506,-0.084,0.209,1.099,16.113,-30.579,7.385
38515,-0.091,0.203,1.136,10.193,-23.315,7.690
38524,-0.089,0.206,1.160,5.920,-14.343,8.789
38533,-0.082,0.240,1.166,6.897,-8.423,10.498
38542,-0.092,0.260,1.172,12.878,-9.033,12.512
38550,-0.106,0.281,1.211,18.555,-12.817,14.465
38559,-0.110,0.321,1.264,20.386,-14.587,17.151
38568,-0.094,0.374,1.286,18.921,-11.414,19.653
38576,-0.068,0.424,1.255,15.747,-4.333,21.362
38585,-0.034,0.471,1.188,10.803,3.418,21.606
38594,0.008,0.520,1.119,6.165,9.705,20.630
38603,0.040,0.569,1.068,4.028,11.658,17.883
38612,0.057,0.569,1.045,5.127,9.338,12.695
38620,0.051,0.523,1.043,7.019,6.165,6.470
38629,0.037,0.484,1.051,6.592,5.005,1.831
38638,0.036,0.451,1.065,3.906,6.653,-0.244
38647,0.038,0.440,1.087,-0.061,9.460,-0.854
38656,0.038,0.455,1.109,-3.845,12.512,-0.916
38664,0.055,0.484,1.133,-6.531,14.465,-0.183
38673,0.084,0.535,1.165,-8.301,15.747,-0.305
38681,0.111,0.588,1.194,-8.240,15.930,-2.625
38690,0.127,0.609,1.227,-6.958,14.893,-7.507
38699,0.120,0.590,1.258,-6.714,14.771,-15.015
38708,0.101,0.549,1.292,-8.972,17.029,-22.400
38717,0.080,0.506,1.335,-12.329,21.545,-28.381
38726,0.058,0.464,1.378,-15.747,25.818,-32.349
38734,0.039,0.423,1.414,-18.005,30.151,-33.813
38743,0.024,0.404,1.434,-19.470,35.278,-32.959
38752,0.022,0.400,1.440,-20.325,40.466,-30.640
38761,0.030,0.394,1.427,-21.790,46.021,-27.466
38770,0.042,0.399,1.405,-24.963,51.331,-24.719
38778,0.061,0.428,1.389,-30.396,56.702,-23.071
38787,0.089,0.468,1.361,-36.133,62.256,-22.278
38796,0.125,0.516,1.326,-41.443,67.017,-22.461
38804,0.159,0.559,1.309,-45.715,69.153,-23.987
38813,0.181,0.575,1.308,-48.706,70.190,-27.649
38822,0.199,0.574,1.317,-50.598,70.801,-32.471
38831,0.210,0.575,1.327,-52.246,72.083,-36.621
38839,0.206,0.577,1.342,-52.979,73.547,-40.466
38848,0.198,0.563,1.335,-52.551,75.684,-44.556
39892,0.659,1.376,1.197,90.088,-164.307,197.144
39901,0.752,1.334,1.435,106.628,-177.979,169.861
39910,0.797,1.236,1.590,113.647,-180.054,144.043
39918,0.811,1.191,1.647,113.159,-167.664,124.512
39927,0.776,1.201,1.682,111.572,-156.738,108.948
39935,0.712,1.213,1.720,112.427,-154.785,95.276
39944,0.677,1.219,1.752,114.929,-155.945,85.205
39953,0.687,1.251,1.790,116.272,-155.762,76.599
39962,0.718,1.266,1.816,117.615,-154.602,65.918
39971,0.741,1.147,1.784,120.117,-151.001,50.720
39979,0.704,0.893,1.716,119.019,-144.897,33.936
39988,0.624,0.630,1.653,106.873,-134.277,21.240
39997,0.546,0.491,1.642,83.801,-119.873,17.395
40006,0.503,0.520,1.682,57.556,-105.774,23.804
40015,0.491,0.620,1.736,39.368,-95.642,35.217
40024,0.452,0.733,1.784,35.095,-91.187,46.204
40032,0.475,0.844,1.831,41.870,-95.398,55.420
40041,0.422,0.932,1.795,52.856,-102.173,58.838
40049,0.401,0.938,1.744,60.242,-105.652,61.096
40058,0.392,0.899,1.547,64.697,-101.807,54.260
40067,0.343,0.845,1.428,57.190,-92.957,39.612
40076,0.294,0.791,1.287,40.588,-79.529,27.344
40085,0.313,0.779,1.279,21.484,-66.223,22.217
40093,0.360,0.774,1.309,9.583,-52.917,20.020
40102,0.395,0.764,1.331,8.789,-45.959,15.259
40111,0.374,0.736,1.340,15.747,-50.781,9.277
40120,0.343,0.674,1.313,28.320,-51.758,3.357
40129,0.311,0.611,1.271,36.499,-49.500,-0.916
40137,0.278,0.569,1.230,37.292,-44.312,-5.066
40146,0.241,0.532,1.198,32.471,-37.781,-11.536
40155,0.177,0.487,1.157,26.123,-32.043,-19.653
40164,0.096,0.419,1.106,21.606,-27.161,-27.588
40172,-0.001,0.338,1.058,18.433,-21.729,-32.837
40181,-0.057,0.269,1.022,15.747,-14.282,-34.058
40190,-0.094,0.222,0.973,16.968,-8.240,-32.654
40199,-0.117,0.170,0.906,23.926,-8.606,-29.968
40207,-0.126,0.106,0.840,32.532,-13.306,-26.550
40216,-0.121,0.044,0.784,38.208,-18.799,-22.766
40225,-0.104,-0.001,0.738,39.124,-23.865,-18.494
40234,-0.085,-0.029,0.707,36.438,-28.809,-14.771
40243,-0.078,-0.034,0.700,29.602,-33.081,-12.573
40251,-0.075,-0.020,0.726,21.240,-36.682,-11.230
40260,-0.077,0.016,0.790,13.550,-39.124,-9.949
40269,-0.096,0.051,0.855,9.277,-40.344,-8.728
40278,-0.110,0.071,0.899,9.155,-39.917,-6.836
40286,-0.115,0.092,0.912,10.559,-38.086,-4.211
40295,-0.087,0.114,0.917,10.986,-35.278,-1.526
40304,-0.035,0.126,0.929,11.475,-33.447,0.610
40313,0.010,0.125,0.960,13.000,-35.095,1.099
40322,0.028,0.111,0.998,15.747,-38.696,1.221
40330,0.035,0.119,1.043,17.151,-41.992,2.014
40339,0.038,0.155,1.104,16.663,-44.373,2.869
40348,0.045,0.199,1.174,15.625,-45.532,3.296
40357,0.030,0.227,1.261,13.489,-44.983,2.197
40365,0.002,0.246,1.353,10.559,-41.748,0.793
40374,-0.006,0.266,1.408,8.972,-34.912,0.427
40383,-0.006,0.282,1.425,9.644,-27.283,0.427
40391,-0.001,0.289,1.429,10.864,-21.240,0.122
40400,0.020,0.281,1.444,11.230,-16.479,0.244
40409,0.031,0.279,1.460,12.268,-13.245,0.610
40418,0.033,0.291,1.475,12.756,-10.498,0.977
40427,0.042,0.322,1.481,11.597,-6.592,1.038
40435,0.047,0.359,1.484,8.606,-1.038,-0.122
40444,0.042,0.377,1.498,4.578,5.859,-2.380
40453,0.021,0.361,1.508,-0.671,15.015,-5.310
40462,-0.009,0.340,1.506,-6.775,26.123,-7.385
40471,-0.027,0.338,1.505,-13.977,37.964,-8.301
40479,-0.026,0.344,1.510,-19.409,48.279,-8.423
40488,-0.027,0.340,1.484,-18.921,56.091,-8.362
40497,-0.025,0.334,1.430,-14.160,60.730,-7.141
40506,-0.017,0.333,1.363,-9.705,64.331,-5.859
40514,-0.018,0.342,1.286,-6.653,67.993,-5.798
40523,-0.012,0.351,1.199,-4.272,71.655,-6.714
40532,-0.021,0.363,1.094,-3.601,75.989,-8.118
40540,-0.016,0.377,1.005,-5.188,80.078,-11.047
40549,-0.023,0.375,0.907,-6.775,82.825,-15.991
40558,-0.018,0.353,0.832,-7.629,83.130,-20.996
40567,-0.022,0.322,0.782,-8.179,81.665,-25.513
40576,-0.028,0.288,0.734,-6.042,78.186,-28.687
40585,-0.046,0.265,0.691,-0.122,72.144,-30.884
40593,-0.077,0.246,0.640,8.484,65.002,-31.799
40602,-0.090,0.229,0.550,18.616,60.181,-31.982
40611,-0.083,0.222,0.403,27.527,58.167,-32.043
40620,-0.064,0.240,0.223,32.043,56.030,-34.546
40629,-0.055,0.234,0.065,31.677,49.194,-40.039
40637,-0.043,0.209,-0.050,30.090,37.231,-46.387
40646,-0.038,0.165,-0.099,27.893,18.616,-53.528
40654,-0.056,0.098,-0.072,26.733,-2.502,-60.303
40663,-0.088,0.024,0.001,28.381,-22.644,-65.247
40672,-0.118,-0.062,0.087,33.325,-39.734,-66.772
40681,-0.145,-0.134,0.157,39.673,-52.124,-65.308
40690,-0.158,-0.182,0.207,45.959,-60.913,-62.256
40699,-0.179,-0.249,0.268,50.293,-69.336,-58.472
40707,-0.218,-0.311,0.362,49.133,-76.416,-54.932
40716,-0.233,-0.344,0.460,41.931,-78.003,-51.575
40725,-0.239,-0.352,0.551,32.532,-76.782,-47.974
40734,-0.242,-0.337,0.647,22.217,-76.477,-44.250
40743,-0.238,-0.313,0.751,14.099,-77.087,-40.649
40751,-0.236,-0.290,0.845,10.864,-79.407,-37.231
40760,-0.232,-0.267,0.922,12.329,-84.045,-32.776
40768,-0.231,-0.240,0.987,15.442,-88.806,-27.710
40777,-0.196,-0.219,1.043,18.311,-91.370,-22.522
40786,-0.158,-0.209,1.108,20.020,-92.041,-16.907
40795,-0.115,-0.205,1.172,20.081,-92.224,-11.414
40804,-0.079,-0.184,1.243,17.090,-91.248,-5.676
40813,-0.046,-0.124,1.321,11.902,-88.684,-1.160
40821,-0.022,-0.052,1.406,7.507,-85.999,1.892
40830,-0.009,0.003,1.492,4.822,-83.435,2.930
40839,-0.010,0.031,1.603,2.258,-80.627,1.648
40848,-0.011,0.057,1.728,-1.221,-76.721,-0.122
40856,-0.014,0.096,1.863,-4.150,-71.533,-0.916
40865,-0.009,0.138,2.015,-4.761,-64.392,-0.671
40874,0.002,0.160,2.177,-0.916,-56.091,0.305
40882,-0.011,0.158,2.349,6.104,-48.950,0.610
40891,-0.067,0.084,2.519,12.756,-41.626,0.000
40900,-0.139,-0.017,2.689,14.648,-29.724,0.854
40909,-0.198,-0.068,2.862,9.155,-9.705,5.432
40918,-0.223,-0.049,2.968,1.160,18.311,13.489
40927,-0.189,-0.005,3.009,-3.357,50.049,22.644
41619,-0.022,0.082,2.580,36.438,-291.260,-0.427
41628,-0.094,0.027,2.875,38.940,-281.128,1.099
41637,-0.098,0.038,3.122,34.790,-257.507,8.362
41646,0.051,0.099,3.220,32.166,-219.055,23.010
41655,0.279,0.213,3.176,36.133,-174.377,39.856
41663,0.469,0.335,3.031,43.274,-137.695,50.232
41672,0.612,0.427,2.838,52.185,-109.375,53.101
41681,0.708,0.508,2.667,58.655,-88.989,50.171
41689,0.785,0.515,2.570,60.303,-76.843,46.448
41698,0.852,0.569,2.525,54.932,-69.336,37.048
41707,0.782,0.630,2.441,43.274,-79.773,30.579
41716,0.742,0.607,2.370,39.673,-71.289,24.353
41725,0.671,0.595,2.177,37.231,-44.128,16.113
41733,0.640,0.606,2.060,30.945,-10.925,9.399
41742,0.580,0.610,1.879,22.095,14.526,8.728
41751,0.566,0.583,1.724,17.578,28.931,9.521
41760,0.524,0.558,1.558,18.677,39.063,5.249
41768,0.469,0.525,1.393,22.949,43.823,-1.282
41777,0.444,0.449,1.296,30.396,46.448,-4.883
41786,0.396,0.367,1.161,37.109,45.654,-7.019
41794,0.357,0.288,1.044,40.466,44.800,-8.240
41803,0.343,0.235,0.953,38.757,45.166,-8.911
41812,0.313,0.198,0.914,31.982,42.786,-10.864
41821,0.270,0.144,0.901,24.414,39.185,-13.916
41830,0.214,0.083,0.903,17.212,38.208,-16.968
41838,0.160,0.030,0.895,11.353,41.016,-18.005
41847,0.124,-0.004,0.861,7.996,45.715,-17.029
41856,0.109,-0.036,0.834,7.812,48.035,-14.709
41865,0.094,-0.069,0.816,10.620,44.800,-12.573
41874,0.087,-0.089,0.830,15.930,37.781,-9.277
41882,0.123,-0.120,0.856,22.461,31.250,-4.944
41891,0.109,-0.158,0.836,29.053,22.827,-1.343
41900,0.130,-0.197,1.002,35.095,19.470,1.648
41909,0.105,-0.223,0.984,38.086,14.282,6.897
41918,0.106,-0.240,1.004,39.246,12.573,11.292
41926,0.094,-0.251,1.016,39.185,17.456,15.625
41935,0.099,-0.250,1.020,37.476,25.940,20.996
41944,0.132,-0.206,1.011,37.109,33.813,26.855
41952,0.165,-0.185,0.995,40.222,37.598,31.616
41961,0.208,-0.172,0.962,44.861,37.964,35.156
41970,0.260,-0.173,0.917,47.974,35.828,35.889
41979,0.286,-0.133,0.885,46.387,32.410,34.912
41988,0.314,-0.089,0.881,43.457,28.992,33.203
41996,0.328,-0.074,0.856,42.053,26.367,31.250
42005,0.319,-0.039,0.850,39.368,24.231,28.198
42014,0.313,-0.005,0.861,35.645,22.705,24.231
42023,0.289,0.014,0.869,34.729,22.278,20.081
42031,0.262,0.016,0.864,36.804,21.301,17.578
42040,0.227,-0.003,0.860,40.527,19.531,17.334
42049,0.193,-0.001,0.848,43.518,18.250,18.433
42058,0.159,-0.000,0.842,44.495,20.691,22.583
42066,0.137,0.007,0.798,45.898,26.123,27.893
42075,0.112,0.030,0.733,48.828,30.396,32.593
42084,0.074,0.043,0.689,52.246,31.372,36.560
42093,0.047,0.047,0.651,55.603,31.006,39.673
42102,-0.006,0.010,0.612,58.228,30.762,42.908
42110,-0.058,-0.069,0.633,56.152,30.579,47.852
42119,-0.119,-0.114,0.654,47.180,35.767,56.213
42128,-0.141,-0.101,0.643,36.865,45.715,68.909
42137,-0.086,-0.049,0.626,31.372,55.054,83.923
42146,-0.054,0.001,0.618,34.912,55.359,96.680
42154,-0.006,0.026,0.619,45.959,44.617,103.760
42163,-0.018,0.029,0.610,61.340,30.701,105.835
42172,-0.030,-0.038,0.638,74.280,18.005,105.225
42180,-0.081,-0.121,0.649,77.454,11.414,105.042
42189,-0.108,-0.164,0.622,72.937,14.587,108.521
42198,-0.046,-0.198,0.604,67.200,20.813,115.784
42207,-0.026,-0.207,0.599,60.181,20.996,122.986
42216,0.001,-0.170,0.573,54.138,15.991,128.479
42224,0.066,-0.128,0.529,53.589,9.094,133.789
42233,0.150,-0.083,0.505,54.993,-2.686,137.451
42242,0.194,-0.048,0.524,55.664,-19.287,136.597
42251,0.242,-0.021,0.567,55.176,-35.522,130.981
42260,0.267,-0.042,0.643,53.223,-45.959,122.986
42268,0.298,-0.058,0.732,47.913,-52.307,114.441
42277,0.330,-0.038,0.790,40.466,-52.979,106.567
42285,0.385,0.011,0.834,34.485,-52.856,100.464
42294,0.457,0.084,0.869,30.334,-56.152,93.933
42303,0.537,0.115,0.900,27.771,-62.622,85.449
42312,0.546,0.106,0.963,21.240,-69.580,72.693
42321,0.560,0.080,1.029,7.507,-71.350,55.481
42330,0.542,0.059,1.092,-10.071,-66.406,38.574
42338,0.518,0.056,1.145,-24.780,-60.730,25.391
42347,0.504,0.057,1.206,-32.654,-57.617,17.151
42356,0.504,0.062,1.216,-33.508,-58.533,11.902
42365,0.499,0.061,1.218,-30.823,-61.035,7.202
42374,0.463,0.022,1.211,-30.823,-63.721,4.272
42382,0.412,-0.023,1.216,-37.537,-62.256,3.723
42391,0.380,-0.063,1.208,-49.316,-53.467,5.249
42400,0.369,-0.053,1.209,-62.256,-41.687,9.338
42408,0.369,0.009,1.208,-71.716,-31.311,15.503
42417,0.392,0.060,1.181,-73.853,-24.719,21.790
42426,0.431,0.112,1.119,-72.327,-23.376,25.940
42435,0.468,0.154,1.072,-70.801,-28.625,28.992
42443,0.478,0.171,1.018,-73.853,-36.316,30.151
42452,0.452,0.161,1.001,-82.336,-42.542,26.062
42461,0.403,0.152,0.986,-94.910,-44.922,21.484
42470,0.359,0.176,1.015,-108.948,-44.434,19.714
42479,0.329,0.211,1.058,-120.422,-40.161,18.738
42488,0.319,0.261,1.097,-124.512,-36.011,17.944
42496,0.285,0.293,1.133,-118.835,-36.743,17.639
42505,0.264,0.289,1.120,-107.483,-41.077,18.799
42514,0.266,0.275,1.049,-94.849,-47.241,20.813
42522,0.257,0.267,0.965,-84.900,-51.514,22.644
42531,0.271,0.265,0.952,-80.261,-50.964,22.766
42540,0.267,0.252,0.865,-78.918,-39.551,21.484
42549,0.199,0.317,0.836,-80.811,-25.391,17.151
42557,0.170,0.321,0.877,-86.426,-19.470,14.099
42566,0.174,0.320,0.922,-90.027,-20.752,11.658
42575,0.156,0.334,0.926,-87.524,-22.461,9.827
42584,0.163,0.339,0.907,-80.505,-23.682,9.521
42593,0.176,0.350,0.864,-73.975,-27.710,10.315
42602,0.165,0.342,0.787,-68.665,-34.180,10.193
42610,0.135,0.325,0.740,-65.857,-42.542,8.606
42619,0.068,0.290,0.731,-67.200,-50.903,6.958
42628,0.036,0.236,0.759,-70.984,-56.580,7.263
42637,0.035,0.225,0.744,-74.402,-55.786,8.423
42646,0.050,0.247,0.757,-75.073,-52.979,8.728
42654,0.083,0.298,0.820,-74.585,-51.819,8.850
43811,-0.205,-0.671,2.074,-82.397,-42.297,-43.640
43820,-0.196,-0.626,2.154,-83.618,-25.452,-36.133
43829,-0.159,-0.543,2.205,-68.054,-15.076,-23.987
43838,-0.085,-0.493,2.165,-36.682,-7.935,-10.376
43847,-0.062,-0.430,2.073,-4.639,-3.357,-2.258
43855,-0.059,-0.398,2.000,19.531,1.038,-2.014
43864,-0.121,-0.444,1.898,33.081,12.512,-2.991
43873,-0.193,-0.467,1.749,37.231,28.137,1.282
43882,-0.224,-0.416,1.602,36.621,41.138,14.038
43890,-0.205,-0.313,1.461,34.485,48.218,30.762
43899,-0.133,-0.205,1.343,30.823,52.551,44.006
43908,-0.034,-0.117,1.271,23.560,55.481,50.537
43917,0.025,-0.059,1.284,9.766,58.960,49.438
43926,0.026,0.016,1.314,-3.052,60.547,41.870
43935,-0.037,0.011,1.346,-4.639,58.350,31.067
43943,-0.081,-0.030,1.380,2.075,55.359,23.193
43952,-0.122,-0.048,1.369,8.728,55.298,20.325
43961,-0.156,-0.021,1.347,16.418,55.786,19.104
43970,-0.149,-0.018,1.307,25.391,55.542,18.127
43978,-0.137,-0.059,1.306,32.349,53.772,17.334
43987,-0.101,-0.047,1.363,34.241,54.016,15.320
43996,-0.053,-0.078,1.457,33.936,58.105,9.949
44005,-0.072,-0.146,1.520,36.438,62.744,1.648
44013,-0.125,-0.198,1.512,47.607,64.331,-4.333
44022,-0.148,-0.240,1.455,65.735,65.552,-5.432
44031,-0.153,-0.293,1.329,82.642,65.796,-2.563
44040,-0.147,-0.340,1.179,91.187,64.026,2.747
44049,-0.079,-0.374,1.029,89.661,60.303,10.010
44057,-0.029,-0.432,1.073,75.378,57.007,14.526
44066,-0.008,-0.471,1.152,48.279,55.786,18.066
44075,-0.017,-0.465,1.233,31.494,44.678,20.752
44084,0.005,-0.453,1.348,32.959,43.762,25.574
44092,0.060,-0.487,1.401,44.067,45.837,31.250
44101,0.085,-0.490,1.429,55.237,41.321,35.034
44110,0.028,-0.506,1.342,69.336,36.499,36.255
44119,-0.035,-0.557,1.181,85.754,34.851,38.025
44127,-0.058,-0.621,0.959,94.421,36.438,45.776
44136,-0.000,-0.574,0.767,88.501,40.039,57.251
44145,0.108,-0.572,0.752,63.110,42.786,65.430
44154,0.188,-0.565,0.854,22.278,51.270,65.247
44163,0.233,-0.517,1.004,-15.686,66.345,58.594
44171,0.225,-0.508,1.154,-29.907,76.416,50.781
44180,0.192,-0.513,1.185,-18.250,78.857,47.363
44189,0.184,-0.517,1.114,7.935,78.186,50.049
44198,0.231,-0.505,0.962,35.767,77.881,56.580
44206,0.322,-0.496,0.798,50.049,76.782,63.660
44215,0.423,-0.526,0.667,44.861,75.623,68.848
44224,0.495,-0.547,0.636,25.391,76.477,71.411
44233,0.555,-0.537,0.726,1.770,75.073,73.425
44241,0.609,-0.535,0.941,-21.606,76.660,73.120
44250,0.589,-0.521,1.073,-43.823,85.632,68.115
44259,0.538,-0.476,1.172,-49.133,97.534,62.561
44268,0.494,-0.476,1.208,-37.109,106.201,61.218
44277,0.460,-0.479,1.172,-22.156,111.938,63.293
44285,0.508,-0.433,1.052,-9.644,118.652,68.115
44294,0.610,-0.430,0.902,-4.089,123.108,71.838
44303,0.631,-0.392,0.807,-12.756,123.230,70.618
44312,0.621,-0.335,0.763,-30.029,122.192,65.613
44320,0.624,-0.282,0.749,-44.617,120.239,60.608
44329,0.613,-0.223,0.753,-53.284,113.037,54.810
44338,0.573,-0.163,0.809,-57.678,101.563,48.828
44347,0.585,-0.186,1.007,-62.622,96.252,41.443
44355,0.541,-0.303,1.304,-74.585,104.187,29.053
44364,0.440,-0.331,1.501,-82.703,127.563,18.799
44373,0.455,-0.280,1.486,-71.838,161.377,19.043
44382,0.540,-0.386,1.338,-49.438,188.782,23.071
44390,0.577,-0.387,1.130,-31.738,193.970,24.414
44399,0.561,-0.361,1.051,-28.015,185.181,21.240
44408,0.537,-0.344,1.036,-37.659,178.894,16.174
44417,0.461,-0.315,1.054,-53.589,180.603,9.460
44426,0.400,-0.267,1.057,-65.674,184.387,4.211
44434,0.381,-0.223,0.990,-65.186,185.974,1.892
44443,0.356,-0.232,0.866,-51.086,178.772,-0.549
44452,0.328,-0.268,0.707,-34.668,163.574,-2.930
44461,0.333,-0.265,0.545,-24.170,147.034,-4.272
44469,0.294,-0.251,0.461,-22.827,130.859,-6.104
44478,0.232,-0.298,0.427,-27.649,117.737,-9.338
44487,0.237,-0.379,0.390,-36.926,111.389,-9.949
44496,0.176,-0.442,0.521,-56.091,109.558,-6.714
44505,0.066,-0.435,0.657,-79.163,118.042,-3.174
44513,0.086,-0.461,0.683,-88.135,140.076,3.784
44522,0.111,-0.458,0.615,-85.571,165.955,12.695
44531,0.139,-0.452,0.434,-79.529,183.777,18.982
44540,0.155,-0.434,0.281,-76.660,191.040,24.780
44548,0.197,-0.378,0.199,-74.890,189.209,34.424
44557,0.307,-0.218,0.106,-68.115,186.096,48.401
44566,0.417,-0.072,0.004,-53.955,179.932,58.411
44575,0.443,0.045,-0.068,-34.912,167.175,58.716
44583,0.484,0.099,-0.114,-17.090,145.813,51.147
44592,0.480,0.071,-0.124,-10.498,119.507,39.978
44601,0.464,0.031,-0.100,-16.235,100.769,30.273
44610,0.482,0.060,-0.123,-27.954,98.145,24.597
44618,0.519,0.087,-0.216,-42.358,103.027,20.081
44627,0.515,0.105,-0.320,-58.105,106.628,13.245
44636,0.491,0.129,-0.342,-72.632,101.318,2.808
44645,0.394,0.076,-0.207,-74.463,80.811,-10.010
44654,0.278,-0.084,-0.013,-57.434,48.340,-21.973
44662,0.243,-0.271,0.082,-31.189,20.813,-24.231
44671,0.246,-0.373,0.094,-10.803,7.568,-15.137
44680,0.247,-0.391,0.033,-4.150,10.132,-0.610
44689,0.256,-0.393,-0.047,-10.559,27.466,14.771
44697,0.317,-0.336,-0.098,-26.123,56.335,28.809
44706,0.462,-0.193,-0.149,-42.725,80.322,40.344
44715,0.552,-0.062,-0.185,-52.795,77.881,45.471
44724,0.542,-0.014,-0.265,-52.734,51.208,43.213
44732,0.452,-0.047,-0.368,-47.913,22.827,37.109
44741,0.367,-0.100,-0.406,-49.500,7.812,31.677
44750,0.354,-0.123,-0.416,-58.350,6.287,32.532
44759,0.401,-0.105,-0.371,-69.702,7.751,38.269
44768,0.458,-0.030,-0.288,-78.735,2.808,43.640
44776,0.501,0.077,-0.220,-80.261,-10.071,46.631
44785,0.506,0.161,-0.184,-70.435,-26.794,46.936
44793,0.512,0.234,-0.202,-51.819,-42.236,43.884
44802,0.530,0.287,-0.310,-34.668,-61.157,40.588
44811,0.505,0.342,-0.399,-28.137,-85.754,34.973
44820,0.509,0.338,-0.356,-30.396,-105.286,28.687
44829,0.512,0.308,-0.253,-35.767,-116.455,23.926
44837,0.513,0.291,-0.125,-39.795,-120.422,20.203
44846,0.516,0.296,-0.026,-39.856,-119.568,17.578
47205,-0.222,-0.363,2.827,-26.367,-317.139,-15.991
47214,-0.135,-0.480,2.737,-30.518,-268.494,-4.211
47223,0.055,-0.468,2.525,-50.537,-198.669,17.029
47231,0.196,-0.378,2.187,-71.655,-141.357,37.231
47240,0.551,-0.203,1.978,-83.557,-106.140,58.411
47249,0.547,0.201,1.571,-83.862,-113.220,73.547
47258,0.812,0.382,1.843,-72.083,-117.798,85.571
47266,0.823,0.510,1.961,-43.457,-156.372,70.496
47275,0.665,0.634,2.181,-24.536,-198.181,44.983
47284,0.483,0.547,2.282,-16.357,-199.707,28.198
47293,0.257,0.440,2.281,-22.522,-167.480,18.188
47302,-0.822,-0.690,2.617,-50.415,-135.132,1.648
47310,0.688,-1.027,4.000,-199.036,-114.136,-15.503
47319,-0.596,0.378,3.719,-255.371,10.193,21.606
47328,0.254,0.909,2.616,-62.744,107.300,64.880
47337,0.718,0.530,1.448,95.764,85.144,119.751
47346,0.604,0.591,0.706,108.887,31.921,120.178
47354,0.700,0.816,0.486,61.401,23.926,97.961
47363,0.784,0.877,0.507,6.531,19.226,73.242
47372,0.689,0.833,0.809,-28.931,-6.470,37.659
47381,0.423,0.665,1.211,-31.006,-50.293,-1.343
47390,0.098,0.354,1.550,-13.794,-91.980,-25.146
47398,-0.138,0.097,1.806,-0.854,-104.980,-27.466
47407,-0.240,0.055,1.896,-0.305,-82.825,-11.536
47416,-0.258,0.133,1.777,-5.371,-39.246,8.301
47425,-0.227,0.203,1.476,-8.545,2.258,23.621
47433,-0.198,0.231,1.137,-10.681,29.785,32.776
47442,-0.159,0.291,0.815,-10.620,43.335,36.743
47451,-0.118,0.341,0.554,-3.418,46.509,36.621
47459,-0.061,0.387,0.369,7.263,37.781,32.349
47468,-0.022,0.427,0.297,15.503,17.578,22.888
47477,-0.073,0.414,0.354,18.738,-9.277,8.789
47486,-0.179,0.343,0.454,17.456,-37.415,-3.357
47494,-0.266,0.245,0.565,12.085,-56.152,-8.301
47503,-0.303,0.164,0.645,2.686,-60.242,-4.822
47512,-0.296,0.149,0.682,-9.216,-52.246,2.991
47521,-0.309,0.176,0.668,-19.775,-40.100,9.583
47530,-0.310,0.225,0.663,-26.855,-33.325,13.916
47539,-0.283,0.288,0.732,-29.358,-38.025,15.564
47547,-0.245,0.339,0.889,-26.306,-54.626,11.658
47556,-0.256,0.351,1.057,-17.700,-76.660,3.235
47565,-0.286,0.295,1.204,-6.226,-92.834,-4.150
47574,-0.302,0.224,1.258,1.892,-94.299,-5.615
47582,-0.271,0.214,1.216,4.700,-78.796,-0.366
47591,-0.198,0.235,1.123,-0.549,-55.298,8.972
47600,-0.114,0.281,1.011,-9.399,-35.156,15.442
47609,-0.069,0.342,0.939,-14.160,-24.658,16.357
47617,-0.033,0.368,0.900,-12.451,-25.330,11.475
47626,-0.035,0.351,0.918,-7.568,-33.997,2.319
47635,-0.087,0.325,0.993,-3.296,-45.776,-7.202
47644,-0.222,0.251,1.044,0.549,-55.420,-14.587
47653,-0.297,0.142,1.037,-0.061,-58.716,-11.902
47661,-0.232,0.125,1.090,-13.489,-54.199,0.305
47670,-0.229,0.167,1.169,-34.912,-46.204,10.681
47679,-0.250,0.231,1.219,-48.950,-36.316,16.846
47687,-0.217,0.286,1.198,-52.368,-25.391,23.560
47696,-0.170,0.361,1.164,-49.316,-18.677,27.344
47705,-0.139,0.430,1.159,-41.443,-20.325,25.085
47714,-0.129,0.456,1.189,-29.846,-28.442,17.273
47722,-0.149,0.422,1.235,-17.273,-37.170,6.897
47731,-0.183,0.360,1.280,-7.202,-41.809,-0.977
47740,-0.219,0.302,1.307,-2.441,-38.696,-3.296
47749,-0.244,0.264,1.297,-1.160,-29.053,-1.221
47758,-0.243,0.250,1.246,-1.892,-15.015,4.211
47766,-0.231,0.256,1.176,-3.906,-1.282,9.827
47775,-0.216,0.285,1.111,-6.165,8.240,13.733
47784,-0.196,0.322,1.043,-5.310,14.160,14.832
47793,-0.164,0.378,1.011,0.305,15.015,12.878
47801,-0.146,0.410,0.993,10.132,9.949,6.470
47810,-0.169,0.389,1.000,23.376,0.671,-2.625
47819,-0.223,0.328,1.009,35.034,-8.301,-10.498
47828,-0.278,0.265,1.001,42.053,-12.512,-14.526
47837,-0.308,0.215,0.977,43.457,-11.230,-14.038
47845,-0.329,0.187,0.963,39.063,-7.935,-11.475
47854,-0.336,0.187,0.961,32.959,-3.967,-9.033
47863,-0.327,0.213,0.964,29.968,-0.916,-7.080
47872,-0.315,0.248,0.960,31.982,-0.061,-7.202
47881,-0.320,0.259,0.944,37.537,-0.854,-8.911
47889,-0.334,0.248,0.937,43.152,-3.052,-10.803
47898,-0.335,0.233,0.945,44.922,-5.127,-11.414
47906,-0.368,0.229,0.904,42.480,-7.996,-10.681
47915,-0.350,0.227,0.934,37.781,-7.141,-9.705
47924,-0.337,0.250,0.971,31.555,-3.845,-8.423
47933,-0.328,0.281,1.007,25.635,-2.258,-8.057
47942,-0.341,0.293,1.019,24.719,-0.488,-8.972
47950,-0.350,0.285,0.995,27.588,1.404,-8.057
47959,-0.347,0.283,0.960,30.579,2.869,-5.310
47968,-0.341,0.296,0.951,30.945,2.502,-2.686
47977,-0.335,0.311,0.959,30.457,1.526,-1.587
47985,-0.323,0.318,0.974,31.128,0.854,-1.831
47994,-0.324,0.314,0.979,33.508,-0.061,-3.296
48003,-0.335,0.290,0.966,37.170,-1.587,-5.554
48012,-0.348,0.261,0.954,40.039,-3.662,-6.531
48021,-0.356,0.250,0.939,39.490,-4.272,-5.981
48029,-0.361,0.252,0.923,34.790,-2.991,-4.700
48038,-0.357,0.254,0.907,28.381,-0.854,-2.686
48047,-0.333,0.260,0.911,21.729,0.916,-0.305
48056,-0.307,0.267,0.943,16.357,1.282,0.854
48065,-0.294,0.260,0.987,15.259,-0.854,0.122
48073,-0.301,0.228,1.038,17.517,-6.042,-1.526
48082,-0.322,0.203,1.106,20.264,-11.658,-3.418
48091,-0.354,0.174,1.179,21.667,-15.137,-4.761
48100,-0.378,0.143,1.252,22.217,-13.977,-5.066
48109,-0.380,0.131,1.329,21.484,-9.033,-3.784
48117,-0.360,0.122,1.447,19.714,-2.380,-2.869
48126,-0.351,0.090,1.589,17.883,5.066,-4.150
48134,-0.357,0.036,1.744,16.785,13.977,-5.432
48143,-0.370,-0.049,1.874,19.531,23.621,-4.700
48152,-0.359,-0.103,1.984,28.381,32.288,-2.136
48161,-0.361,-0.158,2.108,40.955,38.269,1.892
48170,-0.377,-0.214,2.195,57.861,42.908,7.202
48178,-0.387,-0.268,2.251,77.942,46.631,14.832
48187,-0.455,-0.345,2.243,93.994,52.856,25.208
48196,-0.521,-0.371,2.146,100.159,68.176,38.635
48205,-0.493,-0.307,2.053,95.703,91.858,55.359
48214,-0.441,-0.235,2.000,81.116,115.845,67.200
48222,-0.370,-0.186,2.005,64.514,138.367,69.763
48231,-0.296,-0.167,1.991,63.721,152.222,68.420
48240,-0.254,-0.214,1.990,80.139,149.414,68.542
51168,0.233,0.849,1.884,-89.050,-197.632,50.720
51177,0.221,0.755,2.097,-41.565,-215.210,26.367
51186,0.085,0.626,2.112,-25.879,-211.731,18.921
51195,0.045,0.512,2.246,-37.537,-186.157,28.564
51204,0.025,0.588,2.218,-61.646,-135.925,35.767
51212,0.033,0.755,2.123,-88.806,-76.233,42.114
51221,0.110,0.884,2.024,-101.135,-29.724,44.739
51230,0.172,0.943,1.939,-90.759,-16.907,39.734
51239,0.201,0.954,1.835,-65.552,-31.555,32.715
51248,0.240,0.908,1.773,-40.527,-52.551,27.893
51256,0.190,0.891,1.687,-27.527,-69.824,22.461
51265,0.169,0.863,1.687,-27.161,-73.303,18.921
51274,0.159,0.830,1.650,-30.884,-65.002,17.944
51283,0.112,0.793,1.563,-31.250,-56.274,16.113
51291,0.077,0.758,1.489,-26.611,-48.950,15.259
51300,0.040,0.748,1.366,-17.944,-46.570,13.794
51309,0.041,0.694,1.280,-8.179,-42.969,10.925
51318,0.047,0.660,1.201,-2.197,-42.297,7.629
51327,0.025,0.642,1.160,-1.709,-44.250,4.089
51335,-0.006,0.629,1.168,-2.502,-46.692,-1.282
51344,-0.048,0.605,1.188,-1.465,-47.180,-6.653
51353,-0.097,0.558,1.174,1.648,-47.363,-11.169
51362,-0.111,0.496,1.152,5.188,-45.471,-12.878
51370,-0.120,0.456,1.126,7.080,-41.931,-12.695
51379,-0.139,0.423,1.083,8.667,-39.001,-12.390
51388,-0.143,0.390,1.043,11.475,-36.865,-11.963
51397,-0.158,0.360,1.008,13.733,-36.316,-11.414
51405,-0.198,0.345,1.000,15.747,-36.804,-11.658
51414,-0.249,0.330,1.013,17.090,-37.415,-12.024
51423,-0.296,0.310,1.047,15.076,-36.255,-12.512
51432,-0.320,0.299,1.068,10.437,-32.227,-12.024
51441,-0.319,0.313,1.079,4.456,-26.794,-10.071
51449,-0.321,0.350,1.103,-1.526,-21.545,-8.301
51458,-0.315,0.393,1.138,-3.052,-18.799,-8.057
51467,-0.316,0.410,1.163,2.380,-19.836,-8.911
51476,-0.334,0.402,1.172,13.123,-23.560,-10.437
51484,-0.352,0.378,1.165,25.574,-26.306,-11.353
51493,-0.372,0.348,1.173,35.583,-25.940,-10.071
51502,-0.395,0.328,1.189,40.222,-23.254,-7.324
51511,-0.407,0.325,1.210,40.710,-16.968,-3.723
51519,-0.413,0.331,1.224,40.222,-7.751,0.244
51528,-0.407,0.348,1.239,39.551,0.977,4.150
51537,-0.361,0.397,1.257,39.246,8.423,7.080
51546,-0.309,0.461,1.244,46.326,13.245,6.592
51555,-0.281,0.495,1.213,65.125,9.460,1.587
51563,-0.283,0.444,1.156,88.379,-1.404,-3.540
51572,-0.280,0.357,1.101,107.544,-11.230,-7.507
51581,-0.293,0.287,1.068,115.845,-14.709,-9.521
51590,-0.311,0.248,1.007,114.685,-12.329,-7.812
51598,-0.318,0.230,0.983,106.323,-4.578,-4.395
51607,-0.316,0.208,0.971,93.933,4.578,-1.831
51616,-0.308,0.178,0.953,80.139,12.939,-0.427
51625,-0.304,0.175,0.911,67.017,19.531,0.732
51633,-0.292,0.155,0.882,55.664,25.696,2.930
51642,-0.274,0.156,0.846,47.485,30.212,5.798
51651,-0.223,0.190,0.805,42.908,33.081,8.301
51660,-0.185,0.234,0.745,43.213,33.447,8.606
51669,-0.157,0.260,0.674,47.424,31.128,5.615
51677,-0.154,0.255,0.615,52.124,26.367,0.366
51686,-0.155,0.230,0.570,54.749,21.851,-3.662
51695,-0.159,0.201,0.536,54.626,17.639,-6.897
51704,-0.175,0.165,0.525,50.720,12.207,-7.507
51712,-0.186,0.139,0.501,43.945,6.714,-5.493
51721,-0.149,0.133,0.512,33.936,2.808,-2.380
51730,-0.140,0.135,0.540,22.278,-0.610,-0.488
51738,-0.143,0.156,0.576,11.536,-3.906,-0.488
51748,-0.146,0.177,0.594,4.333,-5.676,-0.671
51756,-0.142,0.198,0.594,0.427,-5.981,-1.282
51765,-0.155,0.215,0.596,-1.587,-6.653,-3.357
51774,-0.175,0.225,0.616,-2.502,-7.996,-7.141
51783,-0.185,0.214,0.640,-1.038,-9.094,-12.268
51792,-0.200,0.176,0.693,2.686,-11.353,-17.883
51800,-0.246,0.132,0.746,7.263,-16.418,-21.790
51809,-0.286,0.099,0.779,12.085,-21.912,-21.545
51817,-0.309,0.096,0.831,15.381,-28.320,-19.043
51826,-0.338,0.095,0.963,14.587,-38.086,-18.372
51835,-0.371,0.070,1.191,11.292,-50.293,-20.752
51844,-0.374,0.014,1.511,7.080,-58.533,-24.109
51853,-0.384,-0.042,1.884,5.127,-58.105,-27.344
51861,-0.401,-0.095,2.167,11.414,-50.476,-27.222
51870,-0.364,-0.161,2.475,22.888,-32.349,-22.583
51879,-0.367,-0.253,2.706,35.034,-12.329,-15.564
51888,-0.340,-0.284,2.894,47.485,14.343,-9.338
51897,-0.396,-0.331,2.901,59.814,42.297,-1.282
51905,-0.338,-0.342,2.930,70.740,65.918,10.986
51914,-0.395,-0.352,2.924,78.064,84.167,22.766
51923,-0.445,-0.370,2.872,85.022,103.210,35.645
51932,-0.505,-0.404,2.769,92.590,121.765,51.270
51941,-0.545,-0.368,2.578,96.313,144.287,70.129
51949,-0.544,-0.282,2.356,94.238,167.664,87.708
51958,-0.518,-0.177,2.198,85.266,186.157,96.252
51966,-0.467,-0.116,2.115,77.087,195.435,96.863
51975,-0.438,-0.110,2.078,74.951,195.435,94.238
51984,-0.439,-0.158,2.095,75.806,193.420,92.529
51993,-0.425,-0.193,2.050,76.782,195.374,95.276
52001,-0.419,-0.189,2.006,73.608,202.820,101.929
52011,-0.419,-0.159,2.004,65.002,213.562,110.291
52020,-0.418,-0.070,1.949,57.007,230.835,120.056
52028,-0.360,0.030,1.843,56.213,250.061,129.700
52037,-0.269,0.085,1.700,60.120,262.939,136.353
52046,-0.126,0.109,1.575,61.768,272.095,137.390
52055,-0.046,0.182,1.396,53.284,275.513,133.362
52063,0.017,0.206,1.274,37.476,278.564,125.488
52072,0.025,0.192,1.176,17.334,283.630,113.770
52081,-0.004,0.150,1.110,-3.906,288.696,103.088
52090,0.004,0.147,1.090,-20.630,295.715,96.985
52098,0.031,0.173,1.059,-30.334,303.894,90.454
52107,0.030,0.167,0.970,-28.748,309.204,80.811
52116,0.000,0.127,0.823,-19.836,309.692,69.519
52125,-0.042,0.046,0.671,-13.367,302.429,57.007
52134,-0.080,-0.002,0.515,-16.663,289.673,45.837
52142,-0.139,-0.016,0.382,-31.067,276.245,36.987
52151,-0.236,-0.062,0.275,-49.622,267.700,28.076
52160,-0.275,-0.160,0.204,-65.857,268.494,22.034
52168,-0.290,-0.236,0.094,-80.322,274.048,20.691
52177,-0.328,-0.272,0.001,-91.431,277.039,21.362
52186,-0.344,-0.285,-0.081,-95.703,277.039,22.522
52194,-0.349,-0.276,-0.193,-91.492,269.836,23.804
52203,-0.311,-0.272,-0.313,-78.674,254.883,26.672
